snapshot_date,file_name,sha256,size_bytes,sheet_index,sheet_name,sheet_role,header_rows_1_based,field_names_json,used_rows,used_columns,data_record_count,record_count_method,sheet_structure_signature,workbook_structure_signature,structure_change_vs_previous,changed_sheets_vs_previous
2025-02-21,投资业务台账（20250221）.xlsx,7fb801b4179101d729ce9fe193110ef1a0c7b94cbf2fafe9713696bfe439bdd2,50709,1,投资项目每周简报,product_position_snapshot,1,"[""证券代码"",""证券名称"",""投资分类I级"",""投资分类II级"",""区域"",""分支机构"",""持仓数量"",""投资金额"",""本年度投资收益"",""当前市值"",""浮动盈亏"",""现价"",""成本单价"",""本年已实现盈亏"",""细分项目"",""项目负责人""]",32,16,21,rows_after_header_with_security_code_and_name,9a8dd4162136b2ee,779eb07983c7ce21,INITIAL,投资项目每周简报|风险监控指标|债券投资交易风险监控周报表|固收业务风险监控周报表|投资风险限额监控表
2025-02-21,投资业务台账（20250221）.xlsx,7fb801b4179101d729ce9fe193110ef1a0c7b94cbf2fafe9713696bfe439bdd2,50709,2,风险监控指标,portfolio_risk_indicator_definition,1|2,"[""指标"",""定义"",""计算公式"",""阈值 / 红"",""黄"",""绿"",""统计周期"",""对应战略焦点行动 / (总经理部关注风险需填)"",""备注""]",3,9,1,rows_after_two_level_header_with_indicator_name,491249abe3857aa8,779eb07983c7ce21,INITIAL,投资项目每周简报|风险监控指标|债券投资交易风险监控周报表|固收业务风险监控周报表|投资风险限额监控表
2025-02-21,投资业务台账（20250221）.xlsx,7fb801b4179101d729ce9fe193110ef1a0c7b94cbf2fafe9713696bfe439bdd2,50709,3,债券投资交易风险监控周报表,bond_trade_risk_snapshot,3,"[""序号"",""债券类别"",""债券名称"",""面值"",""买入净价"",""当前净价"",""已收利息"",""累计收益率"",""止损"",""UNLABELED_COLUMN_J""]",18,10,1,rows_after_header_with_bond_name_excluding_repeated_header,4aac8ae76afd748e,779eb07983c7ce21,INITIAL,投资项目每周简报|风险监控指标|债券投资交易风险监控周报表|固收业务风险监控周报表|投资风险限额监控表
2025-02-21,投资业务台账（20250221）.xlsx,7fb801b4179101d729ce9fe193110ef1a0c7b94cbf2fafe9713696bfe439bdd2,50709,4,固收业务风险监控周报表,fixed_income_holding_risk_snapshot,4,"[""序号"",""债券类别"",""债券名称"",""发行人 (中央政府投资企业/其他企业)"",""UNLABELED_COLUMN_E"",""单户集中度"",""占固收总投资比例"",""投资期限 (信用债久期不超过10年)"",""UNLABELED_COLUMN_I"",""总投资额(元)"",""#NAME?""]",55,11,18,rows_after_header_with_bond_name,85c000697e995c63,779eb07983c7ce21,INITIAL,投资项目每周简报|风险监控指标|债券投资交易风险监控周报表|固收业务风险监控周报表|投资风险限额监控表
2025-02-21,投资业务台账（20250221）.xlsx,7fb801b4179101d729ce9fe193110ef1a0c7b94cbf2fafe9713696bfe439bdd2,50709,5,投资风险限额监控表,investment_limit_snapshot,3|4,"[""投资业务类型"",""投资品种"",""仓位(成本)"",""风险限额 / 风控比例/金额"",""实际比例/金额"",""限额状态(●/●)"",""备注""]",12,7,8,rows_after_two_level_header_with_business_or_product_type,0a322870f118053c,779eb07983c7ce21,INITIAL,投资项目每周简报|风险监控指标|债券投资交易风险监控周报表|固收业务风险监控周报表|投资风险限额监控表
2025-02-28,投资业务台账（20250228）.xlsx,da4f69c056d88d0f6705cc5cd44e2fc42bca2f3b6f839add1d3ee335272c6d51,50659,1,投资项目每周简报,product_position_snapshot,1,"[""证券代码"",""证券名称"",""投资分类I级"",""投资分类II级"",""区域"",""分支机构"",""持仓数量"",""投资金额"",""本年度投资收益"",""当前市值"",""浮动盈亏"",""现价"",""成本单价"",""本年已实现盈亏"",""细分项目"",""项目负责人""]",32,16,21,rows_after_header_with_security_code_and_name,9a8dd4162136b2ee,779eb07983c7ce21,UNCHANGED,
2025-02-28,投资业务台账（20250228）.xlsx,da4f69c056d88d0f6705cc5cd44e2fc42bca2f3b6f839add1d3ee335272c6d51,50659,2,风险监控指标,portfolio_risk_indicator_definition,1|2,"[""指标"",""定义"",""计算公式"",""阈值 / 红"",""黄"",""绿"",""统计周期"",""对应战略焦点行动 / (总经理部关注风险需填)"",""备注""]",3,9,1,rows_after_two_level_header_with_indicator_name,491249abe3857aa8,779eb07983c7ce21,UNCHANGED,
2025-02-28,投资业务台账（20250228）.xlsx,da4f69c056d88d0f6705cc5cd44e2fc42bca2f3b6f839add1d3ee335272c6d51,50659,3,债券投资交易风险监控周报表,bond_trade_risk_snapshot,3,"[""序号"",""债券类别"",""债券名称"",""面值"",""买入净价"",""当前净价"",""已收利息"",""累计收益率"",""止损"",""UNLABELED_COLUMN_J""]",18,10,1,rows_after_header_with_bond_name_excluding_repeated_header,4aac8ae76afd748e,779eb07983c7ce21,UNCHANGED,
2025-02-28,投资业务台账（20250228）.xlsx,da4f69c056d88d0f6705cc5cd44e2fc42bca2f3b6f839add1d3ee335272c6d51,50659,4,固收业务风险监控周报表,fixed_income_holding_risk_snapshot,4,"[""序号"",""债券类别"",""债券名称"",""发行人 (中央政府投资企业/其他企业)"",""UNLABELED_COLUMN_E"",""单户集中度"",""占固收总投资比例"",""投资期限 (信用债久期不超过10年)"",""UNLABELED_COLUMN_I"",""总投资额(元)"",""#NAME?""]",55,11,18,rows_after_header_with_bond_name,85c000697e995c63,779eb07983c7ce21,UNCHANGED,
2025-02-28,投资业务台账（20250228）.xlsx,da4f69c056d88d0f6705cc5cd44e2fc42bca2f3b6f839add1d3ee335272c6d51,50659,5,投资风险限额监控表,investment_limit_snapshot,3|4,"[""投资业务类型"",""投资品种"",""仓位(成本)"",""风险限额 / 风控比例/金额"",""实际比例/金额"",""限额状态(●/●)"",""备注""]",12,7,8,rows_after_two_level_header_with_business_or_product_type,0a322870f118053c,779eb07983c7ce21,UNCHANGED,
2025-03-07,投资业务台账（20250307）.xlsx,e61e673d39952b0bd7c4e5f570173011d5c0b372f55efadda2541d4a20086cc8,50823,1,投资项目每周简报,product_position_snapshot,1,"[""证券代码"",""证券名称"",""投资分类I级"",""投资分类II级"",""区域"",""分支机构"",""持仓数量"",""投资金额"",""本年度投资收益"",""当前市值"",""浮动盈亏"",""现价"",""成本单价"",""本年已实现盈亏"",""细分项目"",""项目负责人""]",32,16,21,rows_after_header_with_security_code_and_name,9a8dd4162136b2ee,779eb07983c7ce21,UNCHANGED,
2025-03-07,投资业务台账（20250307）.xlsx,e61e673d39952b0bd7c4e5f570173011d5c0b372f55efadda2541d4a20086cc8,50823,2,风险监控指标,portfolio_risk_indicator_definition,1|2,"[""指标"",""定义"",""计算公式"",""阈值 / 红"",""黄"",""绿"",""统计周期"",""对应战略焦点行动 / (总经理部关注风险需填)"",""备注""]",3,9,1,rows_after_two_level_header_with_indicator_name,491249abe3857aa8,779eb07983c7ce21,UNCHANGED,
2025-03-07,投资业务台账（20250307）.xlsx,e61e673d39952b0bd7c4e5f570173011d5c0b372f55efadda2541d4a20086cc8,50823,3,债券投资交易风险监控周报表,bond_trade_risk_snapshot,3,"[""序号"",""债券类别"",""债券名称"",""面值"",""买入净价"",""当前净价"",""已收利息"",""累计收益率"",""止损"",""UNLABELED_COLUMN_J""]",18,10,1,rows_after_header_with_bond_name_excluding_repeated_header,4aac8ae76afd748e,779eb07983c7ce21,UNCHANGED,
2025-03-07,投资业务台账（20250307）.xlsx,e61e673d39952b0bd7c4e5f570173011d5c0b372f55efadda2541d4a20086cc8,50823,4,固收业务风险监控周报表,fixed_income_holding_risk_snapshot,4,"[""序号"",""债券类别"",""债券名称"",""发行人 (中央政府投资企业/其他企业)"",""UNLABELED_COLUMN_E"",""单户集中度"",""占固收总投资比例"",""投资期限 (信用债久期不超过10年)"",""UNLABELED_COLUMN_I"",""总投资额(元)"",""#NAME?""]",55,11,18,rows_after_header_with_bond_name,85c000697e995c63,779eb07983c7ce21,UNCHANGED,
2025-03-07,投资业务台账（20250307）.xlsx,e61e673d39952b0bd7c4e5f570173011d5c0b372f55efadda2541d4a20086cc8,50823,5,投资风险限额监控表,investment_limit_snapshot,3|4,"[""投资业务类型"",""投资品种"",""仓位(成本)"",""风险限额 / 风控比例/金额"",""实际比例/金额"",""限额状态(●/●)"",""备注""]",12,7,8,rows_after_two_level_header_with_business_or_product_type,0a322870f118053c,779eb07983c7ce21,UNCHANGED,
2025-03-14,投资业务台账（20250314）.xlsx,4c3dd443bf20e733601bc883b9e6754d6531820d5a09417b50d14f4c68d8e335,50812,1,投资项目每周简报,product_position_snapshot,1,"[""证券代码"",""证券名称"",""投资分类I级"",""投资分类II级"",""区域"",""分支机构"",""持仓数量"",""投资金额"",""本年度投资收益"",""当前市值"",""浮动盈亏"",""现价"",""成本单价"",""本年已实现盈亏"",""细分项目"",""项目负责人""]",33,16,22,rows_after_header_with_security_code_and_name,9a8dd4162136b2ee,779eb07983c7ce21,UNCHANGED,
2025-03-14,投资业务台账（20250314）.xlsx,4c3dd443bf20e733601bc883b9e6754d6531820d5a09417b50d14f4c68d8e335,50812,2,风险监控指标,portfolio_risk_indicator_definition,1|2,"[""指标"",""定义"",""计算公式"",""阈值 / 红"",""黄"",""绿"",""统计周期"",""对应战略焦点行动 / (总经理部关注风险需填)"",""备注""]",3,9,1,rows_after_two_level_header_with_indicator_name,491249abe3857aa8,779eb07983c7ce21,UNCHANGED,
2025-03-14,投资业务台账（20250314）.xlsx,4c3dd443bf20e733601bc883b9e6754d6531820d5a09417b50d14f4c68d8e335,50812,3,债券投资交易风险监控周报表,bond_trade_risk_snapshot,3,"[""序号"",""债券类别"",""债券名称"",""面值"",""买入净价"",""当前净价"",""已收利息"",""累计收益率"",""止损"",""UNLABELED_COLUMN_J""]",18,10,1,rows_after_header_with_bond_name_excluding_repeated_header,4aac8ae76afd748e,779eb07983c7ce21,UNCHANGED,
2025-03-14,投资业务台账（20250314）.xlsx,4c3dd443bf20e733601bc883b9e6754d6531820d5a09417b50d14f4c68d8e335,50812,4,固收业务风险监控周报表,fixed_income_holding_risk_snapshot,4,"[""序号"",""债券类别"",""债券名称"",""发行人 (中央政府投资企业/其他企业)"",""UNLABELED_COLUMN_E"",""单户集中度"",""占固收总投资比例"",""投资期限 (信用债久期不超过10年)"",""UNLABELED_COLUMN_I"",""总投资额(元)"",""#NAME?""]",55,11,18,rows_after_header_with_bond_name,85c000697e995c63,779eb07983c7ce21,UNCHANGED,
2025-03-14,投资业务台账（20250314）.xlsx,4c3dd443bf20e733601bc883b9e6754d6531820d5a09417b50d14f4c68d8e335,50812,5,投资风险限额监控表,investment_limit_snapshot,3|4,"[""投资业务类型"",""投资品种"",""仓位(成本)"",""风险限额 / 风控比例/金额"",""实际比例/金额"",""限额状态(●/●)"",""备注""]",12,7,8,rows_after_two_level_header_with_business_or_product_type,0a322870f118053c,779eb07983c7ce21,UNCHANGED,
2025-03-21,投资业务台账（20250321）.xlsx,e311b17d0323bfd55cdfd14517722ce8d20fef37e9a26f2c36635990578efdac,51013,1,投资项目每周简报,product_position_snapshot,1,"[""证券代码"",""证券名称"",""投资分类I级"",""投资分类II级"",""区域"",""分支机构"",""持仓数量"",""投资金额"",""本年度投资收益"",""当前市值"",""浮动盈亏"",""现价"",""成本单价"",""本年已实现盈亏"",""细分项目"",""项目负责人""]",33,16,22,rows_after_header_with_security_code_and_name,9a8dd4162136b2ee,779eb07983c7ce21,UNCHANGED,
2025-03-21,投资业务台账（20250321）.xlsx,e311b17d0323bfd55cdfd14517722ce8d20fef37e9a26f2c36635990578efdac,51013,2,风险监控指标,portfolio_risk_indicator_definition,1|2,"[""指标"",""定义"",""计算公式"",""阈值 / 红"",""黄"",""绿"",""统计周期"",""对应战略焦点行动 / (总经理部关注风险需填)"",""备注""]",3,9,1,rows_after_two_level_header_with_indicator_name,491249abe3857aa8,779eb07983c7ce21,UNCHANGED,
2025-03-21,投资业务台账（20250321）.xlsx,e311b17d0323bfd55cdfd14517722ce8d20fef37e9a26f2c36635990578efdac,51013,3,债券投资交易风险监控周报表,bond_trade_risk_snapshot,3,"[""序号"",""债券类别"",""债券名称"",""面值"",""买入净价"",""当前净价"",""已收利息"",""累计收益率"",""止损"",""UNLABELED_COLUMN_J""]",18,10,1,rows_after_header_with_bond_name_excluding_repeated_header,4aac8ae76afd748e,779eb07983c7ce21,UNCHANGED,
2025-03-21,投资业务台账（20250321）.xlsx,e311b17d0323bfd55cdfd14517722ce8d20fef37e9a26f2c36635990578efdac,51013,4,固收业务风险监控周报表,fixed_income_holding_risk_snapshot,4,"[""序号"",""债券类别"",""债券名称"",""发行人 (中央政府投资企业/其他企业)"",""UNLABELED_COLUMN_E"",""单户集中度"",""占固收总投资比例"",""投资期限 (信用债久期不超过10年)"",""UNLABELED_COLUMN_I"",""总投资额(元)"",""#NAME?""]",56,11,19,rows_after_header_with_bond_name,85c000697e995c63,779eb07983c7ce21,UNCHANGED,
2025-03-21,投资业务台账（20250321）.xlsx,e311b17d0323bfd55cdfd14517722ce8d20fef37e9a26f2c36635990578efdac,51013,5,投资风险限额监控表,investment_limit_snapshot,3|4,"[""投资业务类型"",""投资品种"",""仓位(成本)"",""风险限额 / 风控比例/金额"",""实际比例/金额"",""限额状态(●/●)"",""备注""]",12,7,8,rows_after_two_level_header_with_business_or_product_type,0a322870f118053c,779eb07983c7ce21,UNCHANGED,
2025-03-28,投资业务台账（20250328）.xlsx,16318fba8c167cc13ebe4c94bc2ac94b4744522fdece4066e8ad412e6acac25a,50883,1,投资项目每周简报,product_position_snapshot,1,"[""证券代码"",""证券名称"",""投资分类I级"",""投资分类II级"",""区域"",""分支机构"",""持仓数量"",""投资金额"",""本年度投资收益"",""当前市值"",""浮动盈亏"",""现价"",""成本单价"",""本年已实现盈亏"",""细分项目"",""项目负责人""]",33,16,22,rows_after_header_with_security_code_and_name,9a8dd4162136b2ee,779eb07983c7ce21,UNCHANGED,
2025-03-28,投资业务台账（20250328）.xlsx,16318fba8c167cc13ebe4c94bc2ac94b4744522fdece4066e8ad412e6acac25a,50883,2,风险监控指标,portfolio_risk_indicator_definition,1|2,"[""指标"",""定义"",""计算公式"",""阈值 / 红"",""黄"",""绿"",""统计周期"",""对应战略焦点行动 / (总经理部关注风险需填)"",""备注""]",3,9,1,rows_after_two_level_header_with_indicator_name,491249abe3857aa8,779eb07983c7ce21,UNCHANGED,
2025-03-28,投资业务台账（20250328）.xlsx,16318fba8c167cc13ebe4c94bc2ac94b4744522fdece4066e8ad412e6acac25a,50883,3,债券投资交易风险监控周报表,bond_trade_risk_snapshot,3,"[""序号"",""债券类别"",""债券名称"",""面值"",""买入净价"",""当前净价"",""已收利息"",""累计收益率"",""止损"",""UNLABELED_COLUMN_J""]",18,10,1,rows_after_header_with_bond_name_excluding_repeated_header,4aac8ae76afd748e,779eb07983c7ce21,UNCHANGED,
2025-03-28,投资业务台账（20250328）.xlsx,16318fba8c167cc13ebe4c94bc2ac94b4744522fdece4066e8ad412e6acac25a,50883,4,固收业务风险监控周报表,fixed_income_holding_risk_snapshot,4,"[""序号"",""债券类别"",""债券名称"",""发行人 (中央政府投资企业/其他企业)"",""UNLABELED_COLUMN_E"",""单户集中度"",""占固收总投资比例"",""投资期限 (信用债久期不超过10年)"",""UNLABELED_COLUMN_I"",""总投资额(元)"",""#NAME?""]",56,11,19,rows_after_header_with_bond_name,85c000697e995c63,779eb07983c7ce21,UNCHANGED,
2025-03-28,投资业务台账（20250328）.xlsx,16318fba8c167cc13ebe4c94bc2ac94b4744522fdece4066e8ad412e6acac25a,50883,5,投资风险限额监控表,investment_limit_snapshot,3|4,"[""投资业务类型"",""投资品种"",""仓位(成本)"",""风险限额 / 风控比例/金额"",""实际比例/金额"",""限额状态(●/●)"",""备注""]",12,7,8,rows_after_two_level_header_with_business_or_product_type,0a322870f118053c,779eb07983c7ce21,UNCHANGED,
2025-03-31,投资业务台账（20250331）.xlsx,295c5ad3e3a672f9c4b12fcec69455f38cb73ece8f8549e4364694a80ff6fa79,50917,1,投资项目每周简报,product_position_snapshot,1,"[""证券代码"",""证券名称"",""投资分类I级"",""投资分类II级"",""区域"",""分支机构"",""持仓数量"",""投资金额"",""本年度投资收益"",""当前市值"",""浮动盈亏"",""现价"",""成本单价"",""本年已实现盈亏"",""细分项目"",""项目负责人""]",33,16,22,rows_after_header_with_security_code_and_name,9a8dd4162136b2ee,779eb07983c7ce21,UNCHANGED,
2025-03-31,投资业务台账（20250331）.xlsx,295c5ad3e3a672f9c4b12fcec69455f38cb73ece8f8549e4364694a80ff6fa79,50917,2,风险监控指标,portfolio_risk_indicator_definition,1|2,"[""指标"",""定义"",""计算公式"",""阈值 / 红"",""黄"",""绿"",""统计周期"",""对应战略焦点行动 / (总经理部关注风险需填)"",""备注""]",3,9,1,rows_after_two_level_header_with_indicator_name,491249abe3857aa8,779eb07983c7ce21,UNCHANGED,
2025-03-31,投资业务台账（20250331）.xlsx,295c5ad3e3a672f9c4b12fcec69455f38cb73ece8f8549e4364694a80ff6fa79,50917,3,债券投资交易风险监控周报表,bond_trade_risk_snapshot,3,"[""序号"",""债券类别"",""债券名称"",""面值"",""买入净价"",""当前净价"",""已收利息"",""累计收益率"",""止损"",""UNLABELED_COLUMN_J""]",18,10,1,rows_after_header_with_bond_name_excluding_repeated_header,4aac8ae76afd748e,779eb07983c7ce21,UNCHANGED,
2025-03-31,投资业务台账（20250331）.xlsx,295c5ad3e3a672f9c4b12fcec69455f38cb73ece8f8549e4364694a80ff6fa79,50917,4,固收业务风险监控周报表,fixed_income_holding_risk_snapshot,4,"[""序号"",""债券类别"",""债券名称"",""发行人 (中央政府投资企业/其他企业)"",""UNLABELED_COLUMN_E"",""单户集中度"",""占固收总投资比例"",""投资期限 (信用债久期不超过10年)"",""UNLABELED_COLUMN_I"",""总投资额(元)"",""#NAME?""]",56,11,19,rows_after_header_with_bond_name,85c000697e995c63,779eb07983c7ce21,UNCHANGED,
2025-03-31,投资业务台账（20250331）.xlsx,295c5ad3e3a672f9c4b12fcec69455f38cb73ece8f8549e4364694a80ff6fa79,50917,5,投资风险限额监控表,investment_limit_snapshot,3|4,"[""投资业务类型"",""投资品种"",""仓位(成本)"",""风险限额 / 风控比例/金额"",""实际比例/金额"",""限额状态(●/●)"",""备注""]",12,7,8,rows_after_two_level_header_with_business_or_product_type,0a322870f118053c,779eb07983c7ce21,UNCHANGED,
2025-04-03,投资业务台账（20250403）.xlsx,ce65e84de0eb54524255ec5be753ed2e474cda2ff725e393aab9eb0136e92c92,50750,1,投资项目每周简报,product_position_snapshot,1,"[""证券代码"",""证券名称"",""投资分类I级"",""投资分类II级"",""区域"",""分支机构"",""持仓数量"",""投资金额"",""本年度投资收益"",""当前市值"",""浮动盈亏"",""现价"",""成本单价"",""本年已实现盈亏"",""细分项目"",""项目负责人""]",33,16,22,rows_after_header_with_security_code_and_name,9a8dd4162136b2ee,779eb07983c7ce21,UNCHANGED,
2025-04-03,投资业务台账（20250403）.xlsx,ce65e84de0eb54524255ec5be753ed2e474cda2ff725e393aab9eb0136e92c92,50750,2,风险监控指标,portfolio_risk_indicator_definition,1|2,"[""指标"",""定义"",""计算公式"",""阈值 / 红"",""黄"",""绿"",""统计周期"",""对应战略焦点行动 / (总经理部关注风险需填)"",""备注""]",3,9,1,rows_after_two_level_header_with_indicator_name,491249abe3857aa8,779eb07983c7ce21,UNCHANGED,
2025-04-03,投资业务台账（20250403）.xlsx,ce65e84de0eb54524255ec5be753ed2e474cda2ff725e393aab9eb0136e92c92,50750,3,债券投资交易风险监控周报表,bond_trade_risk_snapshot,3,"[""序号"",""债券类别"",""债券名称"",""面值"",""买入净价"",""当前净价"",""已收利息"",""累计收益率"",""止损"",""UNLABELED_COLUMN_J""]",18,10,1,rows_after_header_with_bond_name_excluding_repeated_header,4aac8ae76afd748e,779eb07983c7ce21,UNCHANGED,
2025-04-03,投资业务台账（20250403）.xlsx,ce65e84de0eb54524255ec5be753ed2e474cda2ff725e393aab9eb0136e92c92,50750,4,固收业务风险监控周报表,fixed_income_holding_risk_snapshot,4,"[""序号"",""债券类别"",""债券名称"",""发行人 (中央政府投资企业/其他企业)"",""UNLABELED_COLUMN_E"",""单户集中度"",""占固收总投资比例"",""投资期限 (信用债久期不超过10年)"",""UNLABELED_COLUMN_I"",""总投资额(元)"",""#NAME?""]",56,11,19,rows_after_header_with_bond_name,85c000697e995c63,779eb07983c7ce21,UNCHANGED,
2025-04-03,投资业务台账（20250403）.xlsx,ce65e84de0eb54524255ec5be753ed2e474cda2ff725e393aab9eb0136e92c92,50750,5,投资风险限额监控表,investment_limit_snapshot,3|4,"[""投资业务类型"",""投资品种"",""仓位(成本)"",""风险限额 / 风控比例/金额"",""实际比例/金额"",""限额状态(●/●)"",""备注""]",12,7,8,rows_after_two_level_header_with_business_or_product_type,0a322870f118053c,779eb07983c7ce21,UNCHANGED,
2025-04-11,投资业务台账（20250411）.xlsx,4b3128ae64df8858cc91d3c7faacfe34a3c3536c571a65260434c623fea069fe,50795,1,投资项目每周简报,product_position_snapshot,1,"[""证券代码"",""证券名称"",""投资分类I级"",""投资分类II级"",""区域"",""分支机构"",""持仓数量"",""投资金额"",""本年度投资收益"",""当前市值"",""浮动盈亏"",""现价"",""成本单价"",""本年已实现盈亏"",""细分项目"",""项目负责人""]",33,16,22,rows_after_header_with_security_code_and_name,9a8dd4162136b2ee,779eb07983c7ce21,UNCHANGED,
2025-04-11,投资业务台账（20250411）.xlsx,4b3128ae64df8858cc91d3c7faacfe34a3c3536c571a65260434c623fea069fe,50795,2,风险监控指标,portfolio_risk_indicator_definition,1|2,"[""指标"",""定义"",""计算公式"",""阈值 / 红"",""黄"",""绿"",""统计周期"",""对应战略焦点行动 / (总经理部关注风险需填)"",""备注""]",3,9,1,rows_after_two_level_header_with_indicator_name,491249abe3857aa8,779eb07983c7ce21,UNCHANGED,
2025-04-11,投资业务台账（20250411）.xlsx,4b3128ae64df8858cc91d3c7faacfe34a3c3536c571a65260434c623fea069fe,50795,3,债券投资交易风险监控周报表,bond_trade_risk_snapshot,3,"[""序号"",""债券类别"",""债券名称"",""面值"",""买入净价"",""当前净价"",""已收利息"",""累计收益率"",""止损"",""UNLABELED_COLUMN_J""]",18,10,1,rows_after_header_with_bond_name_excluding_repeated_header,4aac8ae76afd748e,779eb07983c7ce21,UNCHANGED,
2025-04-11,投资业务台账（20250411）.xlsx,4b3128ae64df8858cc91d3c7faacfe34a3c3536c571a65260434c623fea069fe,50795,4,固收业务风险监控周报表,fixed_income_holding_risk_snapshot,4,"[""序号"",""债券类别"",""债券名称"",""发行人 (中央政府投资企业/其他企业)"",""UNLABELED_COLUMN_E"",""单户集中度"",""占固收总投资比例"",""投资期限 (信用债久期不超过10年)"",""UNLABELED_COLUMN_I"",""总投资额(元)"",""#NAME?""]",56,11,19,rows_after_header_with_bond_name,85c000697e995c63,779eb07983c7ce21,UNCHANGED,
2025-04-11,投资业务台账（20250411）.xlsx,4b3128ae64df8858cc91d3c7faacfe34a3c3536c571a65260434c623fea069fe,50795,5,投资风险限额监控表,investment_limit_snapshot,3|4,"[""投资业务类型"",""投资品种"",""仓位(成本)"",""风险限额 / 风控比例/金额"",""实际比例/金额"",""限额状态(●/●)"",""备注""]",12,7,8,rows_after_two_level_header_with_business_or_product_type,0a322870f118053c,779eb07983c7ce21,UNCHANGED,
2025-04-18,投资业务台账（20250418）.xlsx,9496c4a0b9b8dd8ec4aec5a8c9597fc7abed300f1e208542ebbbed576bdf75a8,50682,1,投资项目每周简报,product_position_snapshot,1,"[""证券代码"",""证券名称"",""投资分类I级"",""投资分类II级"",""区域"",""分支机构"",""持仓数量"",""投资金额"",""本年度投资收益"",""当前市值"",""浮动盈亏"",""现价"",""成本单价"",""本年已实现盈亏"",""细分项目"",""项目负责人""]",33,16,22,rows_after_header_with_security_code_and_name,9a8dd4162136b2ee,779eb07983c7ce21,UNCHANGED,
2025-04-18,投资业务台账（20250418）.xlsx,9496c4a0b9b8dd8ec4aec5a8c9597fc7abed300f1e208542ebbbed576bdf75a8,50682,2,风险监控指标,portfolio_risk_indicator_definition,1|2,"[""指标"",""定义"",""计算公式"",""阈值 / 红"",""黄"",""绿"",""统计周期"",""对应战略焦点行动 / (总经理部关注风险需填)"",""备注""]",3,9,1,rows_after_two_level_header_with_indicator_name,491249abe3857aa8,779eb07983c7ce21,UNCHANGED,
2025-04-18,投资业务台账（20250418）.xlsx,9496c4a0b9b8dd8ec4aec5a8c9597fc7abed300f1e208542ebbbed576bdf75a8,50682,3,债券投资交易风险监控周报表,bond_trade_risk_snapshot,3,"[""序号"",""债券类别"",""债券名称"",""面值"",""买入净价"",""当前净价"",""已收利息"",""累计收益率"",""止损"",""UNLABELED_COLUMN_J""]",18,10,1,rows_after_header_with_bond_name_excluding_repeated_header,4aac8ae76afd748e,779eb07983c7ce21,UNCHANGED,
2025-04-18,投资业务台账（20250418）.xlsx,9496c4a0b9b8dd8ec4aec5a8c9597fc7abed300f1e208542ebbbed576bdf75a8,50682,4,固收业务风险监控周报表,fixed_income_holding_risk_snapshot,4,"[""序号"",""债券类别"",""债券名称"",""发行人 (中央政府投资企业/其他企业)"",""UNLABELED_COLUMN_E"",""单户集中度"",""占固收总投资比例"",""投资期限 (信用债久期不超过10年)"",""UNLABELED_COLUMN_I"",""总投资额(元)"",""#NAME?""]",56,11,19,rows_after_header_with_bond_name,85c000697e995c63,779eb07983c7ce21,UNCHANGED,
2025-04-18,投资业务台账（20250418）.xlsx,9496c4a0b9b8dd8ec4aec5a8c9597fc7abed300f1e208542ebbbed576bdf75a8,50682,5,投资风险限额监控表,investment_limit_snapshot,3|4,"[""投资业务类型"",""投资品种"",""仓位(成本)"",""风险限额 / 风控比例/金额"",""实际比例/金额"",""限额状态(●/●)"",""备注""]",12,7,8,rows_after_two_level_header_with_business_or_product_type,0a322870f118053c,779eb07983c7ce21,UNCHANGED,
2025-04-25,投资业务台账（20250425）.xlsx,eef4aa3ae23d5d34f2d7b4f841bd4354189183967f3bdab4e6f17dfcfdc27562,50894,1,投资项目每周简报,product_position_snapshot,1,"[""证券代码"",""证券名称"",""投资分类I级"",""投资分类II级"",""区域"",""分支机构"",""持仓数量"",""投资金额"",""本年度投资收益"",""当前市值"",""浮动盈亏"",""现价"",""成本单价"",""本年已实现盈亏"",""细分项目"",""项目负责人""]",33,16,22,rows_after_header_with_security_code_and_name,9a8dd4162136b2ee,779eb07983c7ce21,UNCHANGED,
2025-04-25,投资业务台账（20250425）.xlsx,eef4aa3ae23d5d34f2d7b4f841bd4354189183967f3bdab4e6f17dfcfdc27562,50894,2,风险监控指标,portfolio_risk_indicator_definition,1|2,"[""指标"",""定义"",""计算公式"",""阈值 / 红"",""黄"",""绿"",""统计周期"",""对应战略焦点行动 / (总经理部关注风险需填)"",""备注""]",3,9,1,rows_after_two_level_header_with_indicator_name,491249abe3857aa8,779eb07983c7ce21,UNCHANGED,
2025-04-25,投资业务台账（20250425）.xlsx,eef4aa3ae23d5d34f2d7b4f841bd4354189183967f3bdab4e6f17dfcfdc27562,50894,3,债券投资交易风险监控周报表,bond_trade_risk_snapshot,3,"[""序号"",""债券类别"",""债券名称"",""面值"",""买入净价"",""当前净价"",""已收利息"",""累计收益率"",""止损"",""UNLABELED_COLUMN_J""]",18,10,1,rows_after_header_with_bond_name_excluding_repeated_header,4aac8ae76afd748e,779eb07983c7ce21,UNCHANGED,
2025-04-25,投资业务台账（20250425）.xlsx,eef4aa3ae23d5d34f2d7b4f841bd4354189183967f3bdab4e6f17dfcfdc27562,50894,4,固收业务风险监控周报表,fixed_income_holding_risk_snapshot,4,"[""序号"",""债券类别"",""债券名称"",""发行人 (中央政府投资企业/其他企业)"",""UNLABELED_COLUMN_E"",""单户集中度"",""占固收总投资比例"",""投资期限 (信用债久期不超过10年)"",""UNLABELED_COLUMN_I"",""总投资额(元)"",""#NAME?""]",56,11,19,rows_after_header_with_bond_name,85c000697e995c63,779eb07983c7ce21,UNCHANGED,
2025-04-25,投资业务台账（20250425）.xlsx,eef4aa3ae23d5d34f2d7b4f841bd4354189183967f3bdab4e6f17dfcfdc27562,50894,5,投资风险限额监控表,investment_limit_snapshot,3|4,"[""投资业务类型"",""投资品种"",""仓位(成本)"",""风险限额 / 风控比例/金额"",""实际比例/金额"",""限额状态(●/●)"",""备注""]",12,7,8,rows_after_two_level_header_with_business_or_product_type,0a322870f118053c,779eb07983c7ce21,UNCHANGED,
2025-04-30,投资业务台账（20250430）.xlsx,a964e9ef8293eb0e29bdbbafa69c06cbbdff1a36860c1d17d0193f7149a38720,50745,1,投资项目每周简报,product_position_snapshot,1,"[""证券代码"",""证券名称"",""投资分类I级"",""投资分类II级"",""区域"",""分支机构"",""持仓数量"",""投资金额"",""本年度投资收益"",""当前市值"",""浮动盈亏"",""现价"",""成本单价"",""本年已实现盈亏"",""细分项目"",""项目负责人""]",33,16,22,rows_after_header_with_security_code_and_name,9a8dd4162136b2ee,779eb07983c7ce21,UNCHANGED,
2025-04-30,投资业务台账（20250430）.xlsx,a964e9ef8293eb0e29bdbbafa69c06cbbdff1a36860c1d17d0193f7149a38720,50745,2,风险监控指标,portfolio_risk_indicator_definition,1|2,"[""指标"",""定义"",""计算公式"",""阈值 / 红"",""黄"",""绿"",""统计周期"",""对应战略焦点行动 / (总经理部关注风险需填)"",""备注""]",3,9,1,rows_after_two_level_header_with_indicator_name,491249abe3857aa8,779eb07983c7ce21,UNCHANGED,
2025-04-30,投资业务台账（20250430）.xlsx,a964e9ef8293eb0e29bdbbafa69c06cbbdff1a36860c1d17d0193f7149a38720,50745,3,债券投资交易风险监控周报表,bond_trade_risk_snapshot,3,"[""序号"",""债券类别"",""债券名称"",""面值"",""买入净价"",""当前净价"",""已收利息"",""累计收益率"",""止损"",""UNLABELED_COLUMN_J""]",18,10,1,rows_after_header_with_bond_name_excluding_repeated_header,4aac8ae76afd748e,779eb07983c7ce21,UNCHANGED,
2025-04-30,投资业务台账（20250430）.xlsx,a964e9ef8293eb0e29bdbbafa69c06cbbdff1a36860c1d17d0193f7149a38720,50745,4,固收业务风险监控周报表,fixed_income_holding_risk_snapshot,4,"[""序号"",""债券类别"",""债券名称"",""发行人 (中央政府投资企业/其他企业)"",""UNLABELED_COLUMN_E"",""单户集中度"",""占固收总投资比例"",""投资期限 (信用债久期不超过10年)"",""UNLABELED_COLUMN_I"",""总投资额(元)"",""#NAME?""]",56,11,19,rows_after_header_with_bond_name,85c000697e995c63,779eb07983c7ce21,UNCHANGED,
2025-04-30,投资业务台账（20250430）.xlsx,a964e9ef8293eb0e29bdbbafa69c06cbbdff1a36860c1d17d0193f7149a38720,50745,5,投资风险限额监控表,investment_limit_snapshot,3|4,"[""投资业务类型"",""投资品种"",""仓位(成本)"",""风险限额 / 风控比例/金额"",""实际比例/金额"",""限额状态(●/●)"",""备注""]",12,7,8,rows_after_two_level_header_with_business_or_product_type,0a322870f118053c,779eb07983c7ce21,UNCHANGED,
2025-05-09,投资业务台账（20250509）.xlsx,9ac0412b73694becc52a1f76c863e6cfbe27f5adc82d84d3695e21292fa1d1dc,50899,1,投资项目每周简报,product_position_snapshot,1,"[""证券代码"",""证券名称"",""投资分类I级"",""投资分类II级"",""区域"",""分支机构"",""持仓数量"",""投资金额"",""本年度投资收益"",""当前市值"",""浮动盈亏"",""现价"",""成本单价"",""本年已实现盈亏"",""细分项目"",""项目负责人""]",33,16,22,rows_after_header_with_security_code_and_name,9a8dd4162136b2ee,779eb07983c7ce21,UNCHANGED,
2025-05-09,投资业务台账（20250509）.xlsx,9ac0412b73694becc52a1f76c863e6cfbe27f5adc82d84d3695e21292fa1d1dc,50899,2,风险监控指标,portfolio_risk_indicator_definition,1|2,"[""指标"",""定义"",""计算公式"",""阈值 / 红"",""黄"",""绿"",""统计周期"",""对应战略焦点行动 / (总经理部关注风险需填)"",""备注""]",3,9,1,rows_after_two_level_header_with_indicator_name,491249abe3857aa8,779eb07983c7ce21,UNCHANGED,
2025-05-09,投资业务台账（20250509）.xlsx,9ac0412b73694becc52a1f76c863e6cfbe27f5adc82d84d3695e21292fa1d1dc,50899,3,债券投资交易风险监控周报表,bond_trade_risk_snapshot,3,"[""序号"",""债券类别"",""债券名称"",""面值"",""买入净价"",""当前净价"",""已收利息"",""累计收益率"",""止损"",""UNLABELED_COLUMN_J""]",18,10,1,rows_after_header_with_bond_name_excluding_repeated_header,4aac8ae76afd748e,779eb07983c7ce21,UNCHANGED,
2025-05-09,投资业务台账（20250509）.xlsx,9ac0412b73694becc52a1f76c863e6cfbe27f5adc82d84d3695e21292fa1d1dc,50899,4,固收业务风险监控周报表,fixed_income_holding_risk_snapshot,4,"[""序号"",""债券类别"",""债券名称"",""发行人 (中央政府投资企业/其他企业)"",""UNLABELED_COLUMN_E"",""单户集中度"",""占固收总投资比例"",""投资期限 (信用债久期不超过10年)"",""UNLABELED_COLUMN_I"",""总投资额(元)"",""#NAME?""]",56,11,19,rows_after_header_with_bond_name,85c000697e995c63,779eb07983c7ce21,UNCHANGED,
2025-05-09,投资业务台账（20250509）.xlsx,9ac0412b73694becc52a1f76c863e6cfbe27f5adc82d84d3695e21292fa1d1dc,50899,5,投资风险限额监控表,investment_limit_snapshot,3|4,"[""投资业务类型"",""投资品种"",""仓位(成本)"",""风险限额 / 风控比例/金额"",""实际比例/金额"",""限额状态(●/●)"",""备注""]",12,7,8,rows_after_two_level_header_with_business_or_product_type,0a322870f118053c,779eb07983c7ce21,UNCHANGED,
2025-05-16,投资业务台账（20250516）.xlsx,1bab492f606400728eb2b07e828823ce49cff06ae5cf6b7894ddd586748d056c,50799,1,投资项目每周简报,product_position_snapshot,1,"[""证券代码"",""证券名称"",""投资分类I级"",""投资分类II级"",""区域"",""分支机构"",""持仓数量"",""投资金额"",""本年度投资收益"",""当前市值"",""浮动盈亏"",""现价"",""成本单价"",""本年已实现盈亏"",""细分项目"",""项目负责人""]",33,16,22,rows_after_header_with_security_code_and_name,9a8dd4162136b2ee,779eb07983c7ce21,UNCHANGED,
2025-05-16,投资业务台账（20250516）.xlsx,1bab492f606400728eb2b07e828823ce49cff06ae5cf6b7894ddd586748d056c,50799,2,风险监控指标,portfolio_risk_indicator_definition,1|2,"[""指标"",""定义"",""计算公式"",""阈值 / 红"",""黄"",""绿"",""统计周期"",""对应战略焦点行动 / (总经理部关注风险需填)"",""备注""]",3,9,1,rows_after_two_level_header_with_indicator_name,491249abe3857aa8,779eb07983c7ce21,UNCHANGED,
2025-05-16,投资业务台账（20250516）.xlsx,1bab492f606400728eb2b07e828823ce49cff06ae5cf6b7894ddd586748d056c,50799,3,债券投资交易风险监控周报表,bond_trade_risk_snapshot,3,"[""序号"",""债券类别"",""债券名称"",""面值"",""买入净价"",""当前净价"",""已收利息"",""累计收益率"",""止损"",""UNLABELED_COLUMN_J""]",18,10,1,rows_after_header_with_bond_name_excluding_repeated_header,4aac8ae76afd748e,779eb07983c7ce21,UNCHANGED,
2025-05-16,投资业务台账（20250516）.xlsx,1bab492f606400728eb2b07e828823ce49cff06ae5cf6b7894ddd586748d056c,50799,4,固收业务风险监控周报表,fixed_income_holding_risk_snapshot,4,"[""序号"",""债券类别"",""债券名称"",""发行人 (中央政府投资企业/其他企业)"",""UNLABELED_COLUMN_E"",""单户集中度"",""占固收总投资比例"",""投资期限 (信用债久期不超过10年)"",""UNLABELED_COLUMN_I"",""总投资额(元)"",""#NAME?""]",56,11,19,rows_after_header_with_bond_name,85c000697e995c63,779eb07983c7ce21,UNCHANGED,
2025-05-16,投资业务台账（20250516）.xlsx,1bab492f606400728eb2b07e828823ce49cff06ae5cf6b7894ddd586748d056c,50799,5,投资风险限额监控表,investment_limit_snapshot,3|4,"[""投资业务类型"",""投资品种"",""仓位(成本)"",""风险限额 / 风控比例/金额"",""实际比例/金额"",""限额状态(●/●)"",""备注""]",12,7,8,rows_after_two_level_header_with_business_or_product_type,0a322870f118053c,779eb07983c7ce21,UNCHANGED,
2025-05-23,投资业务台账（20250523）.xlsx,e3a2c5133de97068b45de868417e5c4a9543b10d11b55ff2af2eb3b9717b6d72,50929,1,投资项目每周简报,product_position_snapshot,1,"[""证券代码"",""证券名称"",""投资分类I级"",""投资分类II级"",""区域"",""分支机构"",""持仓数量"",""投资金额"",""本年度投资收益"",""当前市值"",""浮动盈亏"",""现价"",""成本单价"",""本年已实现盈亏"",""细分项目"",""项目负责人""]",33,16,22,rows_after_header_with_security_code_and_name,9a8dd4162136b2ee,779eb07983c7ce21,UNCHANGED,
2025-05-23,投资业务台账（20250523）.xlsx,e3a2c5133de97068b45de868417e5c4a9543b10d11b55ff2af2eb3b9717b6d72,50929,2,风险监控指标,portfolio_risk_indicator_definition,1|2,"[""指标"",""定义"",""计算公式"",""阈值 / 红"",""黄"",""绿"",""统计周期"",""对应战略焦点行动 / (总经理部关注风险需填)"",""备注""]",3,9,1,rows_after_two_level_header_with_indicator_name,491249abe3857aa8,779eb07983c7ce21,UNCHANGED,
2025-05-23,投资业务台账（20250523）.xlsx,e3a2c5133de97068b45de868417e5c4a9543b10d11b55ff2af2eb3b9717b6d72,50929,3,债券投资交易风险监控周报表,bond_trade_risk_snapshot,3,"[""序号"",""债券类别"",""债券名称"",""面值"",""买入净价"",""当前净价"",""已收利息"",""累计收益率"",""止损"",""UNLABELED_COLUMN_J""]",18,10,1,rows_after_header_with_bond_name_excluding_repeated_header,4aac8ae76afd748e,779eb07983c7ce21,UNCHANGED,
2025-05-23,投资业务台账（20250523）.xlsx,e3a2c5133de97068b45de868417e5c4a9543b10d11b55ff2af2eb3b9717b6d72,50929,4,固收业务风险监控周报表,fixed_income_holding_risk_snapshot,4,"[""序号"",""债券类别"",""债券名称"",""发行人 (中央政府投资企业/其他企业)"",""UNLABELED_COLUMN_E"",""单户集中度"",""占固收总投资比例"",""投资期限 (信用债久期不超过10年)"",""UNLABELED_COLUMN_I"",""总投资额(元)"",""#NAME?""]",56,11,19,rows_after_header_with_bond_name,85c000697e995c63,779eb07983c7ce21,UNCHANGED,
2025-05-23,投资业务台账（20250523）.xlsx,e3a2c5133de97068b45de868417e5c4a9543b10d11b55ff2af2eb3b9717b6d72,50929,5,投资风险限额监控表,investment_limit_snapshot,3|4,"[""投资业务类型"",""投资品种"",""仓位(成本)"",""风险限额 / 风控比例/金额"",""实际比例/金额"",""限额状态(●/●)"",""备注""]",12,7,8,rows_after_two_level_header_with_business_or_product_type,0a322870f118053c,779eb07983c7ce21,UNCHANGED,
2025-05-30,投资业务台账（20250530）.xlsx,ae9c77f8604aafb265ee32720585730159e736480998da36c14347acf739cc87,50899,1,投资项目每周简报,product_position_snapshot,1,"[""证券代码"",""证券名称"",""投资分类I级"",""投资分类II级"",""区域"",""分支机构"",""持仓数量"",""投资金额"",""本年度投资收益"",""当前市值"",""浮动盈亏"",""现价"",""成本单价"",""本年已实现盈亏"",""细分项目"",""项目负责人""]",33,16,22,rows_after_header_with_security_code_and_name,9a8dd4162136b2ee,779eb07983c7ce21,UNCHANGED,
2025-05-30,投资业务台账（20250530）.xlsx,ae9c77f8604aafb265ee32720585730159e736480998da36c14347acf739cc87,50899,2,风险监控指标,portfolio_risk_indicator_definition,1|2,"[""指标"",""定义"",""计算公式"",""阈值 / 红"",""黄"",""绿"",""统计周期"",""对应战略焦点行动 / (总经理部关注风险需填)"",""备注""]",3,9,1,rows_after_two_level_header_with_indicator_name,491249abe3857aa8,779eb07983c7ce21,UNCHANGED,
2025-05-30,投资业务台账（20250530）.xlsx,ae9c77f8604aafb265ee32720585730159e736480998da36c14347acf739cc87,50899,3,债券投资交易风险监控周报表,bond_trade_risk_snapshot,3,"[""序号"",""债券类别"",""债券名称"",""面值"",""买入净价"",""当前净价"",""已收利息"",""累计收益率"",""止损"",""UNLABELED_COLUMN_J""]",18,10,1,rows_after_header_with_bond_name_excluding_repeated_header,4aac8ae76afd748e,779eb07983c7ce21,UNCHANGED,
2025-05-30,投资业务台账（20250530）.xlsx,ae9c77f8604aafb265ee32720585730159e736480998da36c14347acf739cc87,50899,4,固收业务风险监控周报表,fixed_income_holding_risk_snapshot,4,"[""序号"",""债券类别"",""债券名称"",""发行人 (中央政府投资企业/其他企业)"",""UNLABELED_COLUMN_E"",""单户集中度"",""占固收总投资比例"",""投资期限 (信用债久期不超过10年)"",""UNLABELED_COLUMN_I"",""总投资额(元)"",""#NAME?""]",56,11,19,rows_after_header_with_bond_name,85c000697e995c63,779eb07983c7ce21,UNCHANGED,
2025-05-30,投资业务台账（20250530）.xlsx,ae9c77f8604aafb265ee32720585730159e736480998da36c14347acf739cc87,50899,5,投资风险限额监控表,investment_limit_snapshot,3|4,"[""投资业务类型"",""投资品种"",""仓位(成本)"",""风险限额 / 风控比例/金额"",""实际比例/金额"",""限额状态(●/●)"",""备注""]",12,7,8,rows_after_two_level_header_with_business_or_product_type,0a322870f118053c,779eb07983c7ce21,UNCHANGED,
2025-06-06,投资业务台账（20250606）.xlsx,a6725b3f8c9aaecaaff4b319d1bcb79db4022b183726411bcd63238d8bc166e6,50890,1,投资项目每周简报,product_position_snapshot,1,"[""证券代码"",""证券名称"",""投资分类I级"",""投资分类II级"",""区域"",""分支机构"",""持仓数量"",""投资金额"",""本年度投资收益"",""当前市值"",""浮动盈亏"",""现价"",""成本单价"",""本年已实现盈亏"",""细分项目"",""项目负责人""]",33,16,22,rows_after_header_with_security_code_and_name,9a8dd4162136b2ee,779eb07983c7ce21,UNCHANGED,
2025-06-06,投资业务台账（20250606）.xlsx,a6725b3f8c9aaecaaff4b319d1bcb79db4022b183726411bcd63238d8bc166e6,50890,2,风险监控指标,portfolio_risk_indicator_definition,1|2,"[""指标"",""定义"",""计算公式"",""阈值 / 红"",""黄"",""绿"",""统计周期"",""对应战略焦点行动 / (总经理部关注风险需填)"",""备注""]",3,9,1,rows_after_two_level_header_with_indicator_name,491249abe3857aa8,779eb07983c7ce21,UNCHANGED,
2025-06-06,投资业务台账（20250606）.xlsx,a6725b3f8c9aaecaaff4b319d1bcb79db4022b183726411bcd63238d8bc166e6,50890,3,债券投资交易风险监控周报表,bond_trade_risk_snapshot,3,"[""序号"",""债券类别"",""债券名称"",""面值"",""买入净价"",""当前净价"",""已收利息"",""累计收益率"",""止损"",""UNLABELED_COLUMN_J""]",18,10,1,rows_after_header_with_bond_name_excluding_repeated_header,4aac8ae76afd748e,779eb07983c7ce21,UNCHANGED,
2025-06-06,投资业务台账（20250606）.xlsx,a6725b3f8c9aaecaaff4b319d1bcb79db4022b183726411bcd63238d8bc166e6,50890,4,固收业务风险监控周报表,fixed_income_holding_risk_snapshot,4,"[""序号"",""债券类别"",""债券名称"",""发行人 (中央政府投资企业/其他企业)"",""UNLABELED_COLUMN_E"",""单户集中度"",""占固收总投资比例"",""投资期限 (信用债久期不超过10年)"",""UNLABELED_COLUMN_I"",""总投资额(元)"",""#NAME?""]",56,11,19,rows_after_header_with_bond_name,85c000697e995c63,779eb07983c7ce21,UNCHANGED,
2025-06-06,投资业务台账（20250606）.xlsx,a6725b3f8c9aaecaaff4b319d1bcb79db4022b183726411bcd63238d8bc166e6,50890,5,投资风险限额监控表,investment_limit_snapshot,3|4,"[""投资业务类型"",""投资品种"",""仓位(成本)"",""风险限额 / 风控比例/金额"",""实际比例/金额"",""限额状态(●/●)"",""备注""]",12,7,8,rows_after_two_level_header_with_business_or_product_type,0a322870f118053c,779eb07983c7ce21,UNCHANGED,
2025-06-13,投资业务台账（20250613）.xlsx,4b2a815ec703da3c32fac97152750282b69b692eccdc1acfbeb6301f2fb74aa5,50886,1,投资项目每周简报,product_position_snapshot,1,"[""证券代码"",""证券名称"",""投资分类I级"",""投资分类II级"",""区域"",""分支机构"",""持仓数量"",""投资金额"",""本年度投资收益"",""当前市值"",""浮动盈亏"",""现价"",""成本单价"",""本年已实现盈亏"",""细分项目"",""项目负责人""]",33,16,22,rows_after_header_with_security_code_and_name,9a8dd4162136b2ee,779eb07983c7ce21,UNCHANGED,
2025-06-13,投资业务台账（20250613）.xlsx,4b2a815ec703da3c32fac97152750282b69b692eccdc1acfbeb6301f2fb74aa5,50886,2,风险监控指标,portfolio_risk_indicator_definition,1|2,"[""指标"",""定义"",""计算公式"",""阈值 / 红"",""黄"",""绿"",""统计周期"",""对应战略焦点行动 / (总经理部关注风险需填)"",""备注""]",3,9,1,rows_after_two_level_header_with_indicator_name,491249abe3857aa8,779eb07983c7ce21,UNCHANGED,
2025-06-13,投资业务台账（20250613）.xlsx,4b2a815ec703da3c32fac97152750282b69b692eccdc1acfbeb6301f2fb74aa5,50886,3,债券投资交易风险监控周报表,bond_trade_risk_snapshot,3,"[""序号"",""债券类别"",""债券名称"",""面值"",""买入净价"",""当前净价"",""已收利息"",""累计收益率"",""止损"",""UNLABELED_COLUMN_J""]",18,10,1,rows_after_header_with_bond_name_excluding_repeated_header,4aac8ae76afd748e,779eb07983c7ce21,UNCHANGED,
2025-06-13,投资业务台账（20250613）.xlsx,4b2a815ec703da3c32fac97152750282b69b692eccdc1acfbeb6301f2fb74aa5,50886,4,固收业务风险监控周报表,fixed_income_holding_risk_snapshot,4,"[""序号"",""债券类别"",""债券名称"",""发行人 (中央政府投资企业/其他企业)"",""UNLABELED_COLUMN_E"",""单户集中度"",""占固收总投资比例"",""投资期限 (信用债久期不超过10年)"",""UNLABELED_COLUMN_I"",""总投资额(元)"",""#NAME?""]",56,11,19,rows_after_header_with_bond_name,85c000697e995c63,779eb07983c7ce21,UNCHANGED,
2025-06-13,投资业务台账（20250613）.xlsx,4b2a815ec703da3c32fac97152750282b69b692eccdc1acfbeb6301f2fb74aa5,50886,5,投资风险限额监控表,investment_limit_snapshot,3|4,"[""投资业务类型"",""投资品种"",""仓位(成本)"",""风险限额 / 风控比例/金额"",""实际比例/金额"",""限额状态(●/●)"",""备注""]",12,7,8,rows_after_two_level_header_with_business_or_product_type,0a322870f118053c,779eb07983c7ce21,UNCHANGED,
2025-06-20,投资业务台账（20250620）.xlsx,8c081d0fd2ac3c1b8d2835923eb96453d65f452948345af8b66fd6cb81cf7f68,50846,1,投资项目每周简报,product_position_snapshot,1,"[""证券代码"",""证券名称"",""投资分类I级"",""投资分类II级"",""区域"",""分支机构"",""持仓数量"",""投资金额"",""本年度投资收益"",""当前市值"",""浮动盈亏"",""现价"",""成本单价"",""本年已实现盈亏"",""细分项目"",""项目负责人""]",33,16,22,rows_after_header_with_security_code_and_name,9a8dd4162136b2ee,779eb07983c7ce21,UNCHANGED,
2025-06-20,投资业务台账（20250620）.xlsx,8c081d0fd2ac3c1b8d2835923eb96453d65f452948345af8b66fd6cb81cf7f68,50846,2,风险监控指标,portfolio_risk_indicator_definition,1|2,"[""指标"",""定义"",""计算公式"",""阈值 / 红"",""黄"",""绿"",""统计周期"",""对应战略焦点行动 / (总经理部关注风险需填)"",""备注""]",3,9,1,rows_after_two_level_header_with_indicator_name,491249abe3857aa8,779eb07983c7ce21,UNCHANGED,
2025-06-20,投资业务台账（20250620）.xlsx,8c081d0fd2ac3c1b8d2835923eb96453d65f452948345af8b66fd6cb81cf7f68,50846,3,债券投资交易风险监控周报表,bond_trade_risk_snapshot,3,"[""序号"",""债券类别"",""债券名称"",""面值"",""买入净价"",""当前净价"",""已收利息"",""累计收益率"",""止损"",""UNLABELED_COLUMN_J""]",18,10,1,rows_after_header_with_bond_name_excluding_repeated_header,4aac8ae76afd748e,779eb07983c7ce21,UNCHANGED,
2025-06-20,投资业务台账（20250620）.xlsx,8c081d0fd2ac3c1b8d2835923eb96453d65f452948345af8b66fd6cb81cf7f68,50846,4,固收业务风险监控周报表,fixed_income_holding_risk_snapshot,4,"[""序号"",""债券类别"",""债券名称"",""发行人 (中央政府投资企业/其他企业)"",""UNLABELED_COLUMN_E"",""单户集中度"",""占固收总投资比例"",""投资期限 (信用债久期不超过10年)"",""UNLABELED_COLUMN_I"",""总投资额(元)"",""#NAME?""]",56,11,19,rows_after_header_with_bond_name,85c000697e995c63,779eb07983c7ce21,UNCHANGED,
2025-06-20,投资业务台账（20250620）.xlsx,8c081d0fd2ac3c1b8d2835923eb96453d65f452948345af8b66fd6cb81cf7f68,50846,5,投资风险限额监控表,investment_limit_snapshot,3|4,"[""投资业务类型"",""投资品种"",""仓位(成本)"",""风险限额 / 风控比例/金额"",""实际比例/金额"",""限额状态(●/●)"",""备注""]",12,7,8,rows_after_two_level_header_with_business_or_product_type,0a322870f118053c,779eb07983c7ce21,UNCHANGED,
2025-06-27,投资业务台账（20250627）.xlsx,525d11a4e7d78eea2d838c83a94862cd306fdee4bcd0b9fd6bab3cdf41676243,50958,1,投资项目每周简报,product_position_snapshot,1,"[""证券代码"",""证券名称"",""投资分类I级"",""投资分类II级"",""区域"",""分支机构"",""持仓数量"",""投资金额"",""本年度投资收益"",""当前市值"",""浮动盈亏"",""现价"",""成本单价"",""本年已实现盈亏"",""细分项目"",""项目负责人""]",33,16,22,rows_after_header_with_security_code_and_name,9a8dd4162136b2ee,779eb07983c7ce21,UNCHANGED,
2025-06-27,投资业务台账（20250627）.xlsx,525d11a4e7d78eea2d838c83a94862cd306fdee4bcd0b9fd6bab3cdf41676243,50958,2,风险监控指标,portfolio_risk_indicator_definition,1|2,"[""指标"",""定义"",""计算公式"",""阈值 / 红"",""黄"",""绿"",""统计周期"",""对应战略焦点行动 / (总经理部关注风险需填)"",""备注""]",3,9,1,rows_after_two_level_header_with_indicator_name,491249abe3857aa8,779eb07983c7ce21,UNCHANGED,
2025-06-27,投资业务台账（20250627）.xlsx,525d11a4e7d78eea2d838c83a94862cd306fdee4bcd0b9fd6bab3cdf41676243,50958,3,债券投资交易风险监控周报表,bond_trade_risk_snapshot,3,"[""序号"",""债券类别"",""债券名称"",""面值"",""买入净价"",""当前净价"",""已收利息"",""累计收益率"",""止损"",""UNLABELED_COLUMN_J""]",18,10,1,rows_after_header_with_bond_name_excluding_repeated_header,4aac8ae76afd748e,779eb07983c7ce21,UNCHANGED,
2025-06-27,投资业务台账（20250627）.xlsx,525d11a4e7d78eea2d838c83a94862cd306fdee4bcd0b9fd6bab3cdf41676243,50958,4,固收业务风险监控周报表,fixed_income_holding_risk_snapshot,4,"[""序号"",""债券类别"",""债券名称"",""发行人 (中央政府投资企业/其他企业)"",""UNLABELED_COLUMN_E"",""单户集中度"",""占固收总投资比例"",""投资期限 (信用债久期不超过10年)"",""UNLABELED_COLUMN_I"",""总投资额(元)"",""#NAME?""]",56,11,19,rows_after_header_with_bond_name,85c000697e995c63,779eb07983c7ce21,UNCHANGED,
2025-06-27,投资业务台账（20250627）.xlsx,525d11a4e7d78eea2d838c83a94862cd306fdee4bcd0b9fd6bab3cdf41676243,50958,5,投资风险限额监控表,investment_limit_snapshot,3|4,"[""投资业务类型"",""投资品种"",""仓位(成本)"",""风险限额 / 风控比例/金额"",""实际比例/金额"",""限额状态(●/●)"",""备注""]",12,7,8,rows_after_two_level_header_with_business_or_product_type,0a322870f118053c,779eb07983c7ce21,UNCHANGED,
2025-06-30,投资业务台账（20250630）.xlsx,e3fc872d5b99f411c70cdf0799baed7e2db55da99e9abd815170d44190ff111a,50857,1,投资项目每周简报,product_position_snapshot,1,"[""证券代码"",""证券名称"",""投资分类I级"",""投资分类II级"",""区域"",""分支机构"",""持仓数量"",""投资金额"",""本年度投资收益"",""当前市值"",""浮动盈亏"",""现价"",""成本单价"",""本年已实现盈亏"",""细分项目"",""项目负责人""]",33,16,22,rows_after_header_with_security_code_and_name,9a8dd4162136b2ee,779eb07983c7ce21,UNCHANGED,
2025-06-30,投资业务台账（20250630）.xlsx,e3fc872d5b99f411c70cdf0799baed7e2db55da99e9abd815170d44190ff111a,50857,2,风险监控指标,portfolio_risk_indicator_definition,1|2,"[""指标"",""定义"",""计算公式"",""阈值 / 红"",""黄"",""绿"",""统计周期"",""对应战略焦点行动 / (总经理部关注风险需填)"",""备注""]",3,9,1,rows_after_two_level_header_with_indicator_name,491249abe3857aa8,779eb07983c7ce21,UNCHANGED,
2025-06-30,投资业务台账（20250630）.xlsx,e3fc872d5b99f411c70cdf0799baed7e2db55da99e9abd815170d44190ff111a,50857,3,债券投资交易风险监控周报表,bond_trade_risk_snapshot,3,"[""序号"",""债券类别"",""债券名称"",""面值"",""买入净价"",""当前净价"",""已收利息"",""累计收益率"",""止损"",""UNLABELED_COLUMN_J""]",18,10,1,rows_after_header_with_bond_name_excluding_repeated_header,4aac8ae76afd748e,779eb07983c7ce21,UNCHANGED,
2025-06-30,投资业务台账（20250630）.xlsx,e3fc872d5b99f411c70cdf0799baed7e2db55da99e9abd815170d44190ff111a,50857,4,固收业务风险监控周报表,fixed_income_holding_risk_snapshot,4,"[""序号"",""债券类别"",""债券名称"",""发行人 (中央政府投资企业/其他企业)"",""UNLABELED_COLUMN_E"",""单户集中度"",""占固收总投资比例"",""投资期限 (信用债久期不超过10年)"",""UNLABELED_COLUMN_I"",""总投资额(元)"",""#NAME?""]",56,11,19,rows_after_header_with_bond_name,85c000697e995c63,779eb07983c7ce21,UNCHANGED,
2025-06-30,投资业务台账（20250630）.xlsx,e3fc872d5b99f411c70cdf0799baed7e2db55da99e9abd815170d44190ff111a,50857,5,投资风险限额监控表,investment_limit_snapshot,3|4,"[""投资业务类型"",""投资品种"",""仓位(成本)"",""风险限额 / 风控比例/金额"",""实际比例/金额"",""限额状态(●/●)"",""备注""]",12,7,8,rows_after_two_level_header_with_business_or_product_type,0a322870f118053c,779eb07983c7ce21,UNCHANGED,
2025-07-04,投资业务台账（20250704）.xlsx,97a283e9c16fbc6d9b9cd855c08a9ae73c15b4f3e55b67a3c8a20c3f69891ea0,51025,1,投资项目每周简报,product_position_snapshot,1,"[""证券代码"",""证券名称"",""投资分类I级"",""投资分类II级"",""区域"",""分支机构"",""持仓数量"",""投资金额"",""本年度投资收益"",""当前市值"",""浮动盈亏"",""现价"",""成本单价"",""本年已实现盈亏"",""细分项目"",""项目负责人""]",33,16,22,rows_after_header_with_security_code_and_name,9a8dd4162136b2ee,779eb07983c7ce21,UNCHANGED,
2025-07-04,投资业务台账（20250704）.xlsx,97a283e9c16fbc6d9b9cd855c08a9ae73c15b4f3e55b67a3c8a20c3f69891ea0,51025,2,风险监控指标,portfolio_risk_indicator_definition,1|2,"[""指标"",""定义"",""计算公式"",""阈值 / 红"",""黄"",""绿"",""统计周期"",""对应战略焦点行动 / (总经理部关注风险需填)"",""备注""]",3,9,1,rows_after_two_level_header_with_indicator_name,491249abe3857aa8,779eb07983c7ce21,UNCHANGED,
2025-07-04,投资业务台账（20250704）.xlsx,97a283e9c16fbc6d9b9cd855c08a9ae73c15b4f3e55b67a3c8a20c3f69891ea0,51025,3,债券投资交易风险监控周报表,bond_trade_risk_snapshot,3,"[""序号"",""债券类别"",""债券名称"",""面值"",""买入净价"",""当前净价"",""已收利息"",""累计收益率"",""止损"",""UNLABELED_COLUMN_J""]",18,10,1,rows_after_header_with_bond_name_excluding_repeated_header,4aac8ae76afd748e,779eb07983c7ce21,UNCHANGED,
2025-07-04,投资业务台账（20250704）.xlsx,97a283e9c16fbc6d9b9cd855c08a9ae73c15b4f3e55b67a3c8a20c3f69891ea0,51025,4,固收业务风险监控周报表,fixed_income_holding_risk_snapshot,4,"[""序号"",""债券类别"",""债券名称"",""发行人 (中央政府投资企业/其他企业)"",""UNLABELED_COLUMN_E"",""单户集中度"",""占固收总投资比例"",""投资期限 (信用债久期不超过10年)"",""UNLABELED_COLUMN_I"",""总投资额(元)"",""#NAME?""]",56,11,19,rows_after_header_with_bond_name,85c000697e995c63,779eb07983c7ce21,UNCHANGED,
2025-07-04,投资业务台账（20250704）.xlsx,97a283e9c16fbc6d9b9cd855c08a9ae73c15b4f3e55b67a3c8a20c3f69891ea0,51025,5,投资风险限额监控表,investment_limit_snapshot,3|4,"[""投资业务类型"",""投资品种"",""仓位(成本)"",""风险限额 / 风控比例/金额"",""实际比例/金额"",""限额状态(●/●)"",""备注""]",12,7,8,rows_after_two_level_header_with_business_or_product_type,0a322870f118053c,779eb07983c7ce21,UNCHANGED,
2025-07-11,投资业务台账（20250711）.xlsx,d9b973e78ac9c7a2669b4387ccb7b62fb4ad5b54d856db43a6c94aca7b0b4d2a,50887,1,投资项目每周简报,product_position_snapshot,1,"[""证券代码"",""证券名称"",""投资分类I级"",""投资分类II级"",""区域"",""分支机构"",""持仓数量"",""投资金额"",""本年度投资收益"",""当前市值"",""浮动盈亏"",""现价"",""成本单价"",""本年已实现盈亏"",""细分项目"",""项目负责人""]",33,16,22,rows_after_header_with_security_code_and_name,9a8dd4162136b2ee,779eb07983c7ce21,UNCHANGED,
2025-07-11,投资业务台账（20250711）.xlsx,d9b973e78ac9c7a2669b4387ccb7b62fb4ad5b54d856db43a6c94aca7b0b4d2a,50887,2,风险监控指标,portfolio_risk_indicator_definition,1|2,"[""指标"",""定义"",""计算公式"",""阈值 / 红"",""黄"",""绿"",""统计周期"",""对应战略焦点行动 / (总经理部关注风险需填)"",""备注""]",3,9,1,rows_after_two_level_header_with_indicator_name,491249abe3857aa8,779eb07983c7ce21,UNCHANGED,
2025-07-11,投资业务台账（20250711）.xlsx,d9b973e78ac9c7a2669b4387ccb7b62fb4ad5b54d856db43a6c94aca7b0b4d2a,50887,3,债券投资交易风险监控周报表,bond_trade_risk_snapshot,3,"[""序号"",""债券类别"",""债券名称"",""面值"",""买入净价"",""当前净价"",""已收利息"",""累计收益率"",""止损"",""UNLABELED_COLUMN_J""]",18,10,1,rows_after_header_with_bond_name_excluding_repeated_header,4aac8ae76afd748e,779eb07983c7ce21,UNCHANGED,
2025-07-11,投资业务台账（20250711）.xlsx,d9b973e78ac9c7a2669b4387ccb7b62fb4ad5b54d856db43a6c94aca7b0b4d2a,50887,4,固收业务风险监控周报表,fixed_income_holding_risk_snapshot,4,"[""序号"",""债券类别"",""债券名称"",""发行人 (中央政府投资企业/其他企业)"",""UNLABELED_COLUMN_E"",""单户集中度"",""占固收总投资比例"",""投资期限 (信用债久期不超过10年)"",""UNLABELED_COLUMN_I"",""总投资额(元)"",""#NAME?""]",56,11,19,rows_after_header_with_bond_name,85c000697e995c63,779eb07983c7ce21,UNCHANGED,
2025-07-11,投资业务台账（20250711）.xlsx,d9b973e78ac9c7a2669b4387ccb7b62fb4ad5b54d856db43a6c94aca7b0b4d2a,50887,5,投资风险限额监控表,investment_limit_snapshot,3|4,"[""投资业务类型"",""投资品种"",""仓位(成本)"",""风险限额 / 风控比例/金额"",""实际比例/金额"",""限额状态(●/●)"",""备注""]",12,7,8,rows_after_two_level_header_with_business_or_product_type,0a322870f118053c,779eb07983c7ce21,UNCHANGED,
2025-07-18,投资业务台账（20250718）.xlsx,30fc605ab32af93ea1b43d49880d943566a2cd581e1974fd62491f3bc962dc18,50989,1,投资项目每周简报,product_position_snapshot,1,"[""证券代码"",""证券名称"",""投资分类I级"",""投资分类II级"",""区域"",""分支机构"",""持仓数量"",""投资金额"",""本年度投资收益"",""当前市值"",""浮动盈亏"",""现价"",""成本单价"",""本年已实现盈亏"",""细分项目"",""项目负责人""]",33,16,22,rows_after_header_with_security_code_and_name,9a8dd4162136b2ee,779eb07983c7ce21,UNCHANGED,
2025-07-18,投资业务台账（20250718）.xlsx,30fc605ab32af93ea1b43d49880d943566a2cd581e1974fd62491f3bc962dc18,50989,2,风险监控指标,portfolio_risk_indicator_definition,1|2,"[""指标"",""定义"",""计算公式"",""阈值 / 红"",""黄"",""绿"",""统计周期"",""对应战略焦点行动 / (总经理部关注风险需填)"",""备注""]",3,9,1,rows_after_two_level_header_with_indicator_name,491249abe3857aa8,779eb07983c7ce21,UNCHANGED,
2025-07-18,投资业务台账（20250718）.xlsx,30fc605ab32af93ea1b43d49880d943566a2cd581e1974fd62491f3bc962dc18,50989,3,债券投资交易风险监控周报表,bond_trade_risk_snapshot,3,"[""序号"",""债券类别"",""债券名称"",""面值"",""买入净价"",""当前净价"",""已收利息"",""累计收益率"",""止损"",""UNLABELED_COLUMN_J""]",18,10,1,rows_after_header_with_bond_name_excluding_repeated_header,4aac8ae76afd748e,779eb07983c7ce21,UNCHANGED,
2025-07-18,投资业务台账（20250718）.xlsx,30fc605ab32af93ea1b43d49880d943566a2cd581e1974fd62491f3bc962dc18,50989,4,固收业务风险监控周报表,fixed_income_holding_risk_snapshot,4,"[""序号"",""债券类别"",""债券名称"",""发行人 (中央政府投资企业/其他企业)"",""UNLABELED_COLUMN_E"",""单户集中度"",""占固收总投资比例"",""投资期限 (信用债久期不超过10年)"",""UNLABELED_COLUMN_I"",""总投资额(元)"",""#NAME?""]",56,11,19,rows_after_header_with_bond_name,85c000697e995c63,779eb07983c7ce21,UNCHANGED,
2025-07-18,投资业务台账（20250718）.xlsx,30fc605ab32af93ea1b43d49880d943566a2cd581e1974fd62491f3bc962dc18,50989,5,投资风险限额监控表,investment_limit_snapshot,3|4,"[""投资业务类型"",""投资品种"",""仓位(成本)"",""风险限额 / 风控比例/金额"",""实际比例/金额"",""限额状态(●/●)"",""备注""]",12,7,8,rows_after_two_level_header_with_business_or_product_type,0a322870f118053c,779eb07983c7ce21,UNCHANGED,
2025-07-25,投资业务台账（20250725）.xlsx,ef96479119a96e72723e1db4f53b1b326414a21f5a85ecb46d7569b1b82de044,51479,1,投资项目每周简报,product_position_snapshot,1,"[""证券代码"",""证券名称"",""投资分类I级"",""投资分类II级"",""区域"",""分支机构"",""持仓数量"",""投资金额"",""本年度投资收益"",""当前市值"",""浮动盈亏"",""现价"",""成本单价"",""本年已实现盈亏"",""细分项目"",""项目负责人""]",36,16,25,rows_after_header_with_security_code_and_name,9a8dd4162136b2ee,779eb07983c7ce21,UNCHANGED,
2025-07-25,投资业务台账（20250725）.xlsx,ef96479119a96e72723e1db4f53b1b326414a21f5a85ecb46d7569b1b82de044,51479,2,风险监控指标,portfolio_risk_indicator_definition,1|2,"[""指标"",""定义"",""计算公式"",""阈值 / 红"",""黄"",""绿"",""统计周期"",""对应战略焦点行动 / (总经理部关注风险需填)"",""备注""]",3,9,1,rows_after_two_level_header_with_indicator_name,491249abe3857aa8,779eb07983c7ce21,UNCHANGED,
2025-07-25,投资业务台账（20250725）.xlsx,ef96479119a96e72723e1db4f53b1b326414a21f5a85ecb46d7569b1b82de044,51479,3,债券投资交易风险监控周报表,bond_trade_risk_snapshot,3,"[""序号"",""债券类别"",""债券名称"",""面值"",""买入净价"",""当前净价"",""已收利息"",""累计收益率"",""止损"",""UNLABELED_COLUMN_J""]",18,10,1,rows_after_header_with_bond_name_excluding_repeated_header,4aac8ae76afd748e,779eb07983c7ce21,UNCHANGED,
2025-07-25,投资业务台账（20250725）.xlsx,ef96479119a96e72723e1db4f53b1b326414a21f5a85ecb46d7569b1b82de044,51479,4,固收业务风险监控周报表,fixed_income_holding_risk_snapshot,4,"[""序号"",""债券类别"",""债券名称"",""发行人 (中央政府投资企业/其他企业)"",""UNLABELED_COLUMN_E"",""单户集中度"",""占固收总投资比例"",""投资期限 (信用债久期不超过10年)"",""UNLABELED_COLUMN_I"",""总投资额(元)"",""#NAME?""]",59,11,22,rows_after_header_with_bond_name,85c000697e995c63,779eb07983c7ce21,UNCHANGED,
2025-07-25,投资业务台账（20250725）.xlsx,ef96479119a96e72723e1db4f53b1b326414a21f5a85ecb46d7569b1b82de044,51479,5,投资风险限额监控表,investment_limit_snapshot,3|4,"[""投资业务类型"",""投资品种"",""仓位(成本)"",""风险限额 / 风控比例/金额"",""实际比例/金额"",""限额状态(●/●)"",""备注""]",12,7,8,rows_after_two_level_header_with_business_or_product_type,0a322870f118053c,779eb07983c7ce21,UNCHANGED,
2025-07-31,投资业务台账（20250731）.xlsx,c832e13de5e36a07d5918764e2a04e120c488fc6d3b99d26c0d45351455b2012,51674,1,投资项目每周简报,product_position_snapshot,1,"[""证券代码"",""证券名称"",""投资分类I级"",""投资分类II级"",""区域"",""分支机构"",""持仓数量"",""投资金额"",""本年度投资收益"",""当前市值"",""浮动盈亏"",""现价"",""成本单价"",""本年已实现盈亏"",""细分项目"",""项目负责人""]",36,16,25,rows_after_header_with_security_code_and_name,9a8dd4162136b2ee,779eb07983c7ce21,UNCHANGED,
2025-07-31,投资业务台账（20250731）.xlsx,c832e13de5e36a07d5918764e2a04e120c488fc6d3b99d26c0d45351455b2012,51674,2,风险监控指标,portfolio_risk_indicator_definition,1|2,"[""指标"",""定义"",""计算公式"",""阈值 / 红"",""黄"",""绿"",""统计周期"",""对应战略焦点行动 / (总经理部关注风险需填)"",""备注""]",3,9,1,rows_after_two_level_header_with_indicator_name,491249abe3857aa8,779eb07983c7ce21,UNCHANGED,
2025-07-31,投资业务台账（20250731）.xlsx,c832e13de5e36a07d5918764e2a04e120c488fc6d3b99d26c0d45351455b2012,51674,3,债券投资交易风险监控周报表,bond_trade_risk_snapshot,3,"[""序号"",""债券类别"",""债券名称"",""面值"",""买入净价"",""当前净价"",""已收利息"",""累计收益率"",""止损"",""UNLABELED_COLUMN_J""]",18,10,1,rows_after_header_with_bond_name_excluding_repeated_header,4aac8ae76afd748e,779eb07983c7ce21,UNCHANGED,
2025-07-31,投资业务台账（20250731）.xlsx,c832e13de5e36a07d5918764e2a04e120c488fc6d3b99d26c0d45351455b2012,51674,4,固收业务风险监控周报表,fixed_income_holding_risk_snapshot,4,"[""序号"",""债券类别"",""债券名称"",""发行人 (中央政府投资企业/其他企业)"",""UNLABELED_COLUMN_E"",""单户集中度"",""占固收总投资比例"",""投资期限 (信用债久期不超过10年)"",""UNLABELED_COLUMN_I"",""总投资额(元)"",""#NAME?""]",59,11,22,rows_after_header_with_bond_name,85c000697e995c63,779eb07983c7ce21,UNCHANGED,
2025-07-31,投资业务台账（20250731）.xlsx,c832e13de5e36a07d5918764e2a04e120c488fc6d3b99d26c0d45351455b2012,51674,5,投资风险限额监控表,investment_limit_snapshot,3|4,"[""投资业务类型"",""投资品种"",""仓位(成本)"",""风险限额 / 风控比例/金额"",""实际比例/金额"",""限额状态(●/●)"",""备注""]",12,7,8,rows_after_two_level_header_with_business_or_product_type,0a322870f118053c,779eb07983c7ce21,UNCHANGED,
2025-08-01,投资业务台账（20250801）.xlsx,b967abed1ae645a17c23dcbb3939b9c99aad25b15934f4f0370cdc4d4ec13ee0,51548,1,投资项目每周简报,product_position_snapshot,1,"[""证券代码"",""证券名称"",""投资分类I级"",""投资分类II级"",""区域"",""分支机构"",""持仓数量"",""投资金额"",""本年度投资收益"",""当前市值"",""浮动盈亏"",""现价"",""成本单价"",""本年已实现盈亏"",""细分项目"",""项目负责人""]",36,16,25,rows_after_header_with_security_code_and_name,9a8dd4162136b2ee,779eb07983c7ce21,UNCHANGED,
2025-08-01,投资业务台账（20250801）.xlsx,b967abed1ae645a17c23dcbb3939b9c99aad25b15934f4f0370cdc4d4ec13ee0,51548,2,风险监控指标,portfolio_risk_indicator_definition,1|2,"[""指标"",""定义"",""计算公式"",""阈值 / 红"",""黄"",""绿"",""统计周期"",""对应战略焦点行动 / (总经理部关注风险需填)"",""备注""]",3,9,1,rows_after_two_level_header_with_indicator_name,491249abe3857aa8,779eb07983c7ce21,UNCHANGED,
2025-08-01,投资业务台账（20250801）.xlsx,b967abed1ae645a17c23dcbb3939b9c99aad25b15934f4f0370cdc4d4ec13ee0,51548,3,债券投资交易风险监控周报表,bond_trade_risk_snapshot,3,"[""序号"",""债券类别"",""债券名称"",""面值"",""买入净价"",""当前净价"",""已收利息"",""累计收益率"",""止损"",""UNLABELED_COLUMN_J""]",18,10,1,rows_after_header_with_bond_name_excluding_repeated_header,4aac8ae76afd748e,779eb07983c7ce21,UNCHANGED,
2025-08-01,投资业务台账（20250801）.xlsx,b967abed1ae645a17c23dcbb3939b9c99aad25b15934f4f0370cdc4d4ec13ee0,51548,4,固收业务风险监控周报表,fixed_income_holding_risk_snapshot,4,"[""序号"",""债券类别"",""债券名称"",""发行人 (中央政府投资企业/其他企业)"",""UNLABELED_COLUMN_E"",""单户集中度"",""占固收总投资比例"",""投资期限 (信用债久期不超过10年)"",""UNLABELED_COLUMN_I"",""总投资额(元)"",""#NAME?""]",59,11,22,rows_after_header_with_bond_name,85c000697e995c63,779eb07983c7ce21,UNCHANGED,
2025-08-01,投资业务台账（20250801）.xlsx,b967abed1ae645a17c23dcbb3939b9c99aad25b15934f4f0370cdc4d4ec13ee0,51548,5,投资风险限额监控表,investment_limit_snapshot,3|4,"[""投资业务类型"",""投资品种"",""仓位(成本)"",""风险限额 / 风控比例/金额"",""实际比例/金额"",""限额状态(●/●)"",""备注""]",12,7,8,rows_after_two_level_header_with_business_or_product_type,0a322870f118053c,779eb07983c7ce21,UNCHANGED,
2025-08-08,投资业务台账（20250808）.xlsx,223027463c997408f4ada69a76f5fc67631f121b1909f1953c37c7b17103a3a3,51627,1,投资项目每周简报,product_position_snapshot,1,"[""证券代码"",""证券名称"",""投资分类I级"",""投资分类II级"",""区域"",""分支机构"",""持仓数量"",""投资金额"",""本年度投资收益"",""当前市值"",""浮动盈亏"",""现价"",""成本单价"",""本年已实现盈亏"",""细分项目"",""项目负责人""]",36,16,25,rows_after_header_with_security_code_and_name,9a8dd4162136b2ee,779eb07983c7ce21,UNCHANGED,
2025-08-08,投资业务台账（20250808）.xlsx,223027463c997408f4ada69a76f5fc67631f121b1909f1953c37c7b17103a3a3,51627,2,风险监控指标,portfolio_risk_indicator_definition,1|2,"[""指标"",""定义"",""计算公式"",""阈值 / 红"",""黄"",""绿"",""统计周期"",""对应战略焦点行动 / (总经理部关注风险需填)"",""备注""]",3,9,1,rows_after_two_level_header_with_indicator_name,491249abe3857aa8,779eb07983c7ce21,UNCHANGED,
2025-08-08,投资业务台账（20250808）.xlsx,223027463c997408f4ada69a76f5fc67631f121b1909f1953c37c7b17103a3a3,51627,3,债券投资交易风险监控周报表,bond_trade_risk_snapshot,3,"[""序号"",""债券类别"",""债券名称"",""面值"",""买入净价"",""当前净价"",""已收利息"",""累计收益率"",""止损"",""UNLABELED_COLUMN_J""]",18,10,1,rows_after_header_with_bond_name_excluding_repeated_header,4aac8ae76afd748e,779eb07983c7ce21,UNCHANGED,
2025-08-08,投资业务台账（20250808）.xlsx,223027463c997408f4ada69a76f5fc67631f121b1909f1953c37c7b17103a3a3,51627,4,固收业务风险监控周报表,fixed_income_holding_risk_snapshot,4,"[""序号"",""债券类别"",""债券名称"",""发行人 (中央政府投资企业/其他企业)"",""UNLABELED_COLUMN_E"",""单户集中度"",""占固收总投资比例"",""投资期限 (信用债久期不超过10年)"",""UNLABELED_COLUMN_I"",""总投资额(元)"",""#NAME?""]",59,11,22,rows_after_header_with_bond_name,85c000697e995c63,779eb07983c7ce21,UNCHANGED,
2025-08-08,投资业务台账（20250808）.xlsx,223027463c997408f4ada69a76f5fc67631f121b1909f1953c37c7b17103a3a3,51627,5,投资风险限额监控表,investment_limit_snapshot,3|4,"[""投资业务类型"",""投资品种"",""仓位(成本)"",""风险限额 / 风控比例/金额"",""实际比例/金额"",""限额状态(●/●)"",""备注""]",12,7,8,rows_after_two_level_header_with_business_or_product_type,0a322870f118053c,779eb07983c7ce21,UNCHANGED,
2025-08-15,投资业务台账（20250815）.xlsx,01f2043e61dc9f432968cd1bd5c1a6decb6ac5e1214e30490d8dc480da6335f5,52043,1,投资项目每周简报,product_position_snapshot,1,"[""证券代码"",""证券名称"",""投资分类I级"",""投资分类II级"",""区域"",""分支机构"",""持仓数量"",""投资金额"",""本年度投资收益"",""当前市值"",""浮动盈亏"",""现价"",""成本单价"",""本年已实现盈亏"",""细分项目"",""项目负责人""]",36,16,25,rows_after_header_with_security_code_and_name,9a8dd4162136b2ee,779eb07983c7ce21,UNCHANGED,
2025-08-15,投资业务台账（20250815）.xlsx,01f2043e61dc9f432968cd1bd5c1a6decb6ac5e1214e30490d8dc480da6335f5,52043,2,风险监控指标,portfolio_risk_indicator_definition,1|2,"[""指标"",""定义"",""计算公式"",""阈值 / 红"",""黄"",""绿"",""统计周期"",""对应战略焦点行动 / (总经理部关注风险需填)"",""备注""]",3,9,1,rows_after_two_level_header_with_indicator_name,491249abe3857aa8,779eb07983c7ce21,UNCHANGED,
2025-08-15,投资业务台账（20250815）.xlsx,01f2043e61dc9f432968cd1bd5c1a6decb6ac5e1214e30490d8dc480da6335f5,52043,3,债券投资交易风险监控周报表,bond_trade_risk_snapshot,3,"[""序号"",""债券类别"",""债券名称"",""面值"",""买入净价"",""当前净价"",""已收利息"",""累计收益率"",""止损"",""UNLABELED_COLUMN_J""]",18,10,1,rows_after_header_with_bond_name_excluding_repeated_header,4aac8ae76afd748e,779eb07983c7ce21,UNCHANGED,
2025-08-15,投资业务台账（20250815）.xlsx,01f2043e61dc9f432968cd1bd5c1a6decb6ac5e1214e30490d8dc480da6335f5,52043,4,固收业务风险监控周报表,fixed_income_holding_risk_snapshot,4,"[""序号"",""债券类别"",""债券名称"",""发行人 (中央政府投资企业/其他企业)"",""UNLABELED_COLUMN_E"",""单户集中度"",""占固收总投资比例"",""投资期限 (信用债久期不超过10年)"",""UNLABELED_COLUMN_I"",""总投资额(元)"",""#NAME?""]",59,11,22,rows_after_header_with_bond_name,85c000697e995c63,779eb07983c7ce21,UNCHANGED,
2025-08-15,投资业务台账（20250815）.xlsx,01f2043e61dc9f432968cd1bd5c1a6decb6ac5e1214e30490d8dc480da6335f5,52043,5,投资风险限额监控表,investment_limit_snapshot,3|4,"[""投资业务类型"",""投资品种"",""仓位(成本)"",""风险限额 / 风控比例/金额"",""实际比例/金额"",""限额状态(●/●)"",""备注""]",12,7,8,rows_after_two_level_header_with_business_or_product_type,0a322870f118053c,779eb07983c7ce21,UNCHANGED,
2025-08-22,投资业务台账（20250822）.xlsx,89a487c19e380da307c56f60e2ffbc13a33f7c5411b3ca3dd19636804af0a5e3,52190,1,投资项目每周简报,product_position_snapshot,1,"[""证券代码"",""证券名称"",""投资分类I级"",""投资分类II级"",""区域"",""分支机构"",""持仓数量"",""投资金额"",""本年度投资收益"",""当前市值"",""浮动盈亏"",""现价"",""成本单价"",""本年已实现盈亏"",""细分项目"",""项目负责人""]",36,16,25,rows_after_header_with_security_code_and_name,9a8dd4162136b2ee,779eb07983c7ce21,UNCHANGED,
2025-08-22,投资业务台账（20250822）.xlsx,89a487c19e380da307c56f60e2ffbc13a33f7c5411b3ca3dd19636804af0a5e3,52190,2,风险监控指标,portfolio_risk_indicator_definition,1|2,"[""指标"",""定义"",""计算公式"",""阈值 / 红"",""黄"",""绿"",""统计周期"",""对应战略焦点行动 / (总经理部关注风险需填)"",""备注""]",3,9,1,rows_after_two_level_header_with_indicator_name,491249abe3857aa8,779eb07983c7ce21,UNCHANGED,
2025-08-22,投资业务台账（20250822）.xlsx,89a487c19e380da307c56f60e2ffbc13a33f7c5411b3ca3dd19636804af0a5e3,52190,3,债券投资交易风险监控周报表,bond_trade_risk_snapshot,3,"[""序号"",""债券类别"",""债券名称"",""面值"",""买入净价"",""当前净价"",""已收利息"",""累计收益率"",""止损"",""UNLABELED_COLUMN_J""]",18,10,1,rows_after_header_with_bond_name_excluding_repeated_header,4aac8ae76afd748e,779eb07983c7ce21,UNCHANGED,
2025-08-22,投资业务台账（20250822）.xlsx,89a487c19e380da307c56f60e2ffbc13a33f7c5411b3ca3dd19636804af0a5e3,52190,4,固收业务风险监控周报表,fixed_income_holding_risk_snapshot,4,"[""序号"",""债券类别"",""债券名称"",""发行人 (中央政府投资企业/其他企业)"",""UNLABELED_COLUMN_E"",""单户集中度"",""占固收总投资比例"",""投资期限 (信用债久期不超过10年)"",""UNLABELED_COLUMN_I"",""总投资额(元)"",""#NAME?""]",59,11,22,rows_after_header_with_bond_name,85c000697e995c63,779eb07983c7ce21,UNCHANGED,
2025-08-22,投资业务台账（20250822）.xlsx,89a487c19e380da307c56f60e2ffbc13a33f7c5411b3ca3dd19636804af0a5e3,52190,5,投资风险限额监控表,investment_limit_snapshot,3|4,"[""投资业务类型"",""投资品种"",""仓位(成本)"",""风险限额 / 风控比例/金额"",""实际比例/金额"",""限额状态(●/●)"",""备注""]",12,7,8,rows_after_two_level_header_with_business_or_product_type,0a322870f118053c,779eb07983c7ce21,UNCHANGED,
2025-08-29,投资业务台账（20250829）.xlsx,4d9d98c87dfbc23e4845a79852455e00358e871d0706b98dd8dac7ba52c3df71,52202,1,投资项目每周简报,product_position_snapshot,1,"[""证券代码"",""证券名称"",""投资分类I级"",""投资分类II级"",""区域"",""分支机构"",""持仓数量"",""投资金额"",""本年度投资收益"",""当前市值"",""浮动盈亏"",""现价"",""成本单价"",""本年已实现盈亏"",""细分项目"",""项目负责人""]",36,16,25,rows_after_header_with_security_code_and_name,9a8dd4162136b2ee,779eb07983c7ce21,UNCHANGED,
2025-08-29,投资业务台账（20250829）.xlsx,4d9d98c87dfbc23e4845a79852455e00358e871d0706b98dd8dac7ba52c3df71,52202,2,风险监控指标,portfolio_risk_indicator_definition,1|2,"[""指标"",""定义"",""计算公式"",""阈值 / 红"",""黄"",""绿"",""统计周期"",""对应战略焦点行动 / (总经理部关注风险需填)"",""备注""]",3,9,1,rows_after_two_level_header_with_indicator_name,491249abe3857aa8,779eb07983c7ce21,UNCHANGED,
2025-08-29,投资业务台账（20250829）.xlsx,4d9d98c87dfbc23e4845a79852455e00358e871d0706b98dd8dac7ba52c3df71,52202,3,债券投资交易风险监控周报表,bond_trade_risk_snapshot,3,"[""序号"",""债券类别"",""债券名称"",""面值"",""买入净价"",""当前净价"",""已收利息"",""累计收益率"",""止损"",""UNLABELED_COLUMN_J""]",18,10,1,rows_after_header_with_bond_name_excluding_repeated_header,4aac8ae76afd748e,779eb07983c7ce21,UNCHANGED,
2025-08-29,投资业务台账（20250829）.xlsx,4d9d98c87dfbc23e4845a79852455e00358e871d0706b98dd8dac7ba52c3df71,52202,4,固收业务风险监控周报表,fixed_income_holding_risk_snapshot,4,"[""序号"",""债券类别"",""债券名称"",""发行人 (中央政府投资企业/其他企业)"",""UNLABELED_COLUMN_E"",""单户集中度"",""占固收总投资比例"",""投资期限 (信用债久期不超过10年)"",""UNLABELED_COLUMN_I"",""总投资额(元)"",""#NAME?""]",59,11,22,rows_after_header_with_bond_name,85c000697e995c63,779eb07983c7ce21,UNCHANGED,
2025-08-29,投资业务台账（20250829）.xlsx,4d9d98c87dfbc23e4845a79852455e00358e871d0706b98dd8dac7ba52c3df71,52202,5,投资风险限额监控表,investment_limit_snapshot,3|4,"[""投资业务类型"",""投资品种"",""仓位(成本)"",""风险限额 / 风控比例/金额"",""实际比例/金额"",""限额状态(●/●)"",""备注""]",12,7,8,rows_after_two_level_header_with_business_or_product_type,0a322870f118053c,779eb07983c7ce21,UNCHANGED,
2025-09-05,投资业务台账（20250905）.xlsx,e323b57fb8302a7898b4df3c7185050efb572869897b459bcb8c5ca52d8aec87,52331,1,投资项目每周简报,product_position_snapshot,1,"[""证券代码"",""证券名称"",""投资分类I级"",""投资分类II级"",""区域"",""分支机构"",""持仓数量"",""投资金额"",""本年度投资收益"",""当前市值"",""浮动盈亏"",""现价"",""成本单价"",""本年已实现盈亏"",""细分项目"",""项目负责人""]",36,16,25,rows_after_header_with_security_code_and_name,9a8dd4162136b2ee,779eb07983c7ce21,UNCHANGED,
2025-09-05,投资业务台账（20250905）.xlsx,e323b57fb8302a7898b4df3c7185050efb572869897b459bcb8c5ca52d8aec87,52331,2,风险监控指标,portfolio_risk_indicator_definition,1|2,"[""指标"",""定义"",""计算公式"",""阈值 / 红"",""黄"",""绿"",""统计周期"",""对应战略焦点行动 / (总经理部关注风险需填)"",""备注""]",3,9,1,rows_after_two_level_header_with_indicator_name,491249abe3857aa8,779eb07983c7ce21,UNCHANGED,
2025-09-05,投资业务台账（20250905）.xlsx,e323b57fb8302a7898b4df3c7185050efb572869897b459bcb8c5ca52d8aec87,52331,3,债券投资交易风险监控周报表,bond_trade_risk_snapshot,3,"[""序号"",""债券类别"",""债券名称"",""面值"",""买入净价"",""当前净价"",""已收利息"",""累计收益率"",""止损"",""UNLABELED_COLUMN_J""]",18,10,1,rows_after_header_with_bond_name_excluding_repeated_header,4aac8ae76afd748e,779eb07983c7ce21,UNCHANGED,
2025-09-05,投资业务台账（20250905）.xlsx,e323b57fb8302a7898b4df3c7185050efb572869897b459bcb8c5ca52d8aec87,52331,4,固收业务风险监控周报表,fixed_income_holding_risk_snapshot,4,"[""序号"",""债券类别"",""债券名称"",""发行人 (中央政府投资企业/其他企业)"",""UNLABELED_COLUMN_E"",""单户集中度"",""占固收总投资比例"",""投资期限 (信用债久期不超过10年)"",""UNLABELED_COLUMN_I"",""总投资额(元)"",""#NAME?""]",59,11,22,rows_after_header_with_bond_name,85c000697e995c63,779eb07983c7ce21,UNCHANGED,
2025-09-05,投资业务台账（20250905）.xlsx,e323b57fb8302a7898b4df3c7185050efb572869897b459bcb8c5ca52d8aec87,52331,5,投资风险限额监控表,investment_limit_snapshot,3|4,"[""投资业务类型"",""投资品种"",""仓位(成本)"",""风险限额 / 风控比例/金额"",""实际比例/金额"",""限额状态(●/●)"",""备注""]",12,7,8,rows_after_two_level_header_with_business_or_product_type,0a322870f118053c,779eb07983c7ce21,UNCHANGED,
2025-09-12,投资业务台账（20250912）.xlsx,736e154bf2d1934f483668f51f6f2a8d3a6659e599ecfe6baa66108a3dd7e24c,52495,1,投资项目每周简报,product_position_snapshot,1,"[""证券代码"",""证券名称"",""投资分类I级"",""投资分类II级"",""区域"",""分支机构"",""持仓数量"",""投资金额"",""本年度投资收益"",""当前市值"",""浮动盈亏"",""现价"",""成本单价"",""本年已实现盈亏"",""细分项目"",""项目负责人""]",37,16,26,rows_after_header_with_security_code_and_name,9a8dd4162136b2ee,779eb07983c7ce21,UNCHANGED,
2025-09-12,投资业务台账（20250912）.xlsx,736e154bf2d1934f483668f51f6f2a8d3a6659e599ecfe6baa66108a3dd7e24c,52495,2,风险监控指标,portfolio_risk_indicator_definition,1|2,"[""指标"",""定义"",""计算公式"",""阈值 / 红"",""黄"",""绿"",""统计周期"",""对应战略焦点行动 / (总经理部关注风险需填)"",""备注""]",3,9,1,rows_after_two_level_header_with_indicator_name,491249abe3857aa8,779eb07983c7ce21,UNCHANGED,
2025-09-12,投资业务台账（20250912）.xlsx,736e154bf2d1934f483668f51f6f2a8d3a6659e599ecfe6baa66108a3dd7e24c,52495,3,债券投资交易风险监控周报表,bond_trade_risk_snapshot,3,"[""序号"",""债券类别"",""债券名称"",""面值"",""买入净价"",""当前净价"",""已收利息"",""累计收益率"",""止损"",""UNLABELED_COLUMN_J""]",18,10,1,rows_after_header_with_bond_name_excluding_repeated_header,4aac8ae76afd748e,779eb07983c7ce21,UNCHANGED,
2025-09-12,投资业务台账（20250912）.xlsx,736e154bf2d1934f483668f51f6f2a8d3a6659e599ecfe6baa66108a3dd7e24c,52495,4,固收业务风险监控周报表,fixed_income_holding_risk_snapshot,4,"[""序号"",""债券类别"",""债券名称"",""发行人 (中央政府投资企业/其他企业)"",""UNLABELED_COLUMN_E"",""单户集中度"",""占固收总投资比例"",""投资期限 (信用债久期不超过10年)"",""UNLABELED_COLUMN_I"",""总投资额(元)"",""#NAME?""]",60,11,23,rows_after_header_with_bond_name,85c000697e995c63,779eb07983c7ce21,UNCHANGED,
2025-09-12,投资业务台账（20250912）.xlsx,736e154bf2d1934f483668f51f6f2a8d3a6659e599ecfe6baa66108a3dd7e24c,52495,5,投资风险限额监控表,investment_limit_snapshot,3|4,"[""投资业务类型"",""投资品种"",""仓位(成本)"",""风险限额 / 风控比例/金额"",""实际比例/金额"",""限额状态(●/●)"",""备注""]",12,7,8,rows_after_two_level_header_with_business_or_product_type,0a322870f118053c,779eb07983c7ce21,UNCHANGED,
2025-09-19,投资业务台账（20250919）.xlsx,76206b651270ea6163b39783c2650c095f8d6b7329c4a43de4fe4d55cc315e75,52501,1,投资项目每周简报,product_position_snapshot,1,"[""证券代码"",""证券名称"",""投资分类I级"",""投资分类II级"",""区域"",""分支机构"",""持仓数量"",""投资金额"",""本年度投资收益"",""当前市值"",""浮动盈亏"",""现价"",""成本单价"",""本年已实现盈亏"",""细分项目"",""项目负责人""]",37,16,26,rows_after_header_with_security_code_and_name,9a8dd4162136b2ee,779eb07983c7ce21,UNCHANGED,
2025-09-19,投资业务台账（20250919）.xlsx,76206b651270ea6163b39783c2650c095f8d6b7329c4a43de4fe4d55cc315e75,52501,2,风险监控指标,portfolio_risk_indicator_definition,1|2,"[""指标"",""定义"",""计算公式"",""阈值 / 红"",""黄"",""绿"",""统计周期"",""对应战略焦点行动 / (总经理部关注风险需填)"",""备注""]",3,9,1,rows_after_two_level_header_with_indicator_name,491249abe3857aa8,779eb07983c7ce21,UNCHANGED,
2025-09-19,投资业务台账（20250919）.xlsx,76206b651270ea6163b39783c2650c095f8d6b7329c4a43de4fe4d55cc315e75,52501,3,债券投资交易风险监控周报表,bond_trade_risk_snapshot,3,"[""序号"",""债券类别"",""债券名称"",""面值"",""买入净价"",""当前净价"",""已收利息"",""累计收益率"",""止损"",""UNLABELED_COLUMN_J""]",18,10,1,rows_after_header_with_bond_name_excluding_repeated_header,4aac8ae76afd748e,779eb07983c7ce21,UNCHANGED,
2025-09-19,投资业务台账（20250919）.xlsx,76206b651270ea6163b39783c2650c095f8d6b7329c4a43de4fe4d55cc315e75,52501,4,固收业务风险监控周报表,fixed_income_holding_risk_snapshot,4,"[""序号"",""债券类别"",""债券名称"",""发行人 (中央政府投资企业/其他企业)"",""UNLABELED_COLUMN_E"",""单户集中度"",""占固收总投资比例"",""投资期限 (信用债久期不超过10年)"",""UNLABELED_COLUMN_I"",""总投资额(元)"",""#NAME?""]",60,11,23,rows_after_header_with_bond_name,85c000697e995c63,779eb07983c7ce21,UNCHANGED,
2025-09-19,投资业务台账（20250919）.xlsx,76206b651270ea6163b39783c2650c095f8d6b7329c4a43de4fe4d55cc315e75,52501,5,投资风险限额监控表,investment_limit_snapshot,3|4,"[""投资业务类型"",""投资品种"",""仓位(成本)"",""风险限额 / 风控比例/金额"",""实际比例/金额"",""限额状态(●/●)"",""备注""]",12,7,8,rows_after_two_level_header_with_business_or_product_type,0a322870f118053c,779eb07983c7ce21,UNCHANGED,
2025-09-26,投资业务台账（20250926）.xlsx,8098d2243b1540aba96ce3913ef0fcc274dcfb5c00231fa92da0fa711f0426a6,52483,1,投资项目每周简报,product_position_snapshot,1,"[""证券代码"",""证券名称"",""投资分类I级"",""投资分类II级"",""区域"",""分支机构"",""持仓数量"",""投资金额"",""本年度投资收益"",""当前市值"",""浮动盈亏"",""现价"",""成本单价"",""本年已实现盈亏"",""细分项目"",""项目负责人""]",37,16,26,rows_after_header_with_security_code_and_name,9a8dd4162136b2ee,779eb07983c7ce21,UNCHANGED,
2025-09-26,投资业务台账（20250926）.xlsx,8098d2243b1540aba96ce3913ef0fcc274dcfb5c00231fa92da0fa711f0426a6,52483,2,风险监控指标,portfolio_risk_indicator_definition,1|2,"[""指标"",""定义"",""计算公式"",""阈值 / 红"",""黄"",""绿"",""统计周期"",""对应战略焦点行动 / (总经理部关注风险需填)"",""备注""]",3,9,1,rows_after_two_level_header_with_indicator_name,491249abe3857aa8,779eb07983c7ce21,UNCHANGED,
2025-09-26,投资业务台账（20250926）.xlsx,8098d2243b1540aba96ce3913ef0fcc274dcfb5c00231fa92da0fa711f0426a6,52483,3,债券投资交易风险监控周报表,bond_trade_risk_snapshot,3,"[""序号"",""债券类别"",""债券名称"",""面值"",""买入净价"",""当前净价"",""已收利息"",""累计收益率"",""止损"",""UNLABELED_COLUMN_J""]",18,10,1,rows_after_header_with_bond_name_excluding_repeated_header,4aac8ae76afd748e,779eb07983c7ce21,UNCHANGED,
2025-09-26,投资业务台账（20250926）.xlsx,8098d2243b1540aba96ce3913ef0fcc274dcfb5c00231fa92da0fa711f0426a6,52483,4,固收业务风险监控周报表,fixed_income_holding_risk_snapshot,4,"[""序号"",""债券类别"",""债券名称"",""发行人 (中央政府投资企业/其他企业)"",""UNLABELED_COLUMN_E"",""单户集中度"",""占固收总投资比例"",""投资期限 (信用债久期不超过10年)"",""UNLABELED_COLUMN_I"",""总投资额(元)"",""#NAME?""]",60,11,23,rows_after_header_with_bond_name,85c000697e995c63,779eb07983c7ce21,UNCHANGED,
2025-09-26,投资业务台账（20250926）.xlsx,8098d2243b1540aba96ce3913ef0fcc274dcfb5c00231fa92da0fa711f0426a6,52483,5,投资风险限额监控表,investment_limit_snapshot,3|4,"[""投资业务类型"",""投资品种"",""仓位(成本)"",""风险限额 / 风控比例/金额"",""实际比例/金额"",""限额状态(●/●)"",""备注""]",12,7,8,rows_after_two_level_header_with_business_or_product_type,0a322870f118053c,779eb07983c7ce21,UNCHANGED,
2025-09-30,投资业务台账（20250930）.xlsx,8e96739c624d858299c5f21a6db9c1db7fa637a34b747c6dc06a652e35690c8d,52659,1,投资项目每周简报,product_position_snapshot,1,"[""证券代码"",""证券名称"",""投资分类I级"",""投资分类II级"",""区域"",""分支机构"",""持仓数量"",""投资金额"",""本年度投资收益"",""当前市值"",""浮动盈亏"",""现价"",""成本单价"",""本年已实现盈亏"",""细分项目"",""项目负责人""]",37,16,26,rows_after_header_with_security_code_and_name,9a8dd4162136b2ee,779eb07983c7ce21,UNCHANGED,
2025-09-30,投资业务台账（20250930）.xlsx,8e96739c624d858299c5f21a6db9c1db7fa637a34b747c6dc06a652e35690c8d,52659,2,风险监控指标,portfolio_risk_indicator_definition,1|2,"[""指标"",""定义"",""计算公式"",""阈值 / 红"",""黄"",""绿"",""统计周期"",""对应战略焦点行动 / (总经理部关注风险需填)"",""备注""]",3,9,1,rows_after_two_level_header_with_indicator_name,491249abe3857aa8,779eb07983c7ce21,UNCHANGED,
2025-09-30,投资业务台账（20250930）.xlsx,8e96739c624d858299c5f21a6db9c1db7fa637a34b747c6dc06a652e35690c8d,52659,3,债券投资交易风险监控周报表,bond_trade_risk_snapshot,3,"[""序号"",""债券类别"",""债券名称"",""面值"",""买入净价"",""当前净价"",""已收利息"",""累计收益率"",""止损"",""UNLABELED_COLUMN_J""]",18,10,1,rows_after_header_with_bond_name_excluding_repeated_header,4aac8ae76afd748e,779eb07983c7ce21,UNCHANGED,
2025-09-30,投资业务台账（20250930）.xlsx,8e96739c624d858299c5f21a6db9c1db7fa637a34b747c6dc06a652e35690c8d,52659,4,固收业务风险监控周报表,fixed_income_holding_risk_snapshot,4,"[""序号"",""债券类别"",""债券名称"",""发行人 (中央政府投资企业/其他企业)"",""UNLABELED_COLUMN_E"",""单户集中度"",""占固收总投资比例"",""投资期限 (信用债久期不超过10年)"",""UNLABELED_COLUMN_I"",""总投资额(元)"",""#NAME?""]",60,11,23,rows_after_header_with_bond_name,85c000697e995c63,779eb07983c7ce21,UNCHANGED,
2025-09-30,投资业务台账（20250930）.xlsx,8e96739c624d858299c5f21a6db9c1db7fa637a34b747c6dc06a652e35690c8d,52659,5,投资风险限额监控表,investment_limit_snapshot,3|4,"[""投资业务类型"",""投资品种"",""仓位(成本)"",""风险限额 / 风控比例/金额"",""实际比例/金额"",""限额状态(●/●)"",""备注""]",12,7,8,rows_after_two_level_header_with_business_or_product_type,0a322870f118053c,779eb07983c7ce21,UNCHANGED,
2025-10-10,投资业务台账（20251010）.xlsx,33ce5a62b0816036d0ab82d6deaa737b8911a1c98b8e6170b74482562fc9f46f,52731,1,投资项目每周简报,product_position_snapshot,1,"[""证券代码"",""证券名称"",""投资分类I级"",""投资分类II级"",""区域"",""分支机构"",""持仓数量"",""投资金额"",""本年度投资收益"",""当前市值"",""浮动盈亏"",""现价"",""成本单价"",""本年已实现盈亏"",""细分项目"",""项目负责人""]",37,16,26,rows_after_header_with_security_code_and_name,9a8dd4162136b2ee,779eb07983c7ce21,UNCHANGED,
2025-10-10,投资业务台账（20251010）.xlsx,33ce5a62b0816036d0ab82d6deaa737b8911a1c98b8e6170b74482562fc9f46f,52731,2,风险监控指标,portfolio_risk_indicator_definition,1|2,"[""指标"",""定义"",""计算公式"",""阈值 / 红"",""黄"",""绿"",""统计周期"",""对应战略焦点行动 / (总经理部关注风险需填)"",""备注""]",3,9,1,rows_after_two_level_header_with_indicator_name,491249abe3857aa8,779eb07983c7ce21,UNCHANGED,
2025-10-10,投资业务台账（20251010）.xlsx,33ce5a62b0816036d0ab82d6deaa737b8911a1c98b8e6170b74482562fc9f46f,52731,3,债券投资交易风险监控周报表,bond_trade_risk_snapshot,3,"[""序号"",""债券类别"",""债券名称"",""面值"",""买入净价"",""当前净价"",""已收利息"",""累计收益率"",""止损"",""UNLABELED_COLUMN_J""]",18,10,1,rows_after_header_with_bond_name_excluding_repeated_header,4aac8ae76afd748e,779eb07983c7ce21,UNCHANGED,
2025-10-10,投资业务台账（20251010）.xlsx,33ce5a62b0816036d0ab82d6deaa737b8911a1c98b8e6170b74482562fc9f46f,52731,4,固收业务风险监控周报表,fixed_income_holding_risk_snapshot,4,"[""序号"",""债券类别"",""债券名称"",""发行人 (中央政府投资企业/其他企业)"",""UNLABELED_COLUMN_E"",""单户集中度"",""占固收总投资比例"",""投资期限 (信用债久期不超过10年)"",""UNLABELED_COLUMN_I"",""总投资额(元)"",""#NAME?""]",60,11,23,rows_after_header_with_bond_name,85c000697e995c63,779eb07983c7ce21,UNCHANGED,
2025-10-10,投资业务台账（20251010）.xlsx,33ce5a62b0816036d0ab82d6deaa737b8911a1c98b8e6170b74482562fc9f46f,52731,5,投资风险限额监控表,investment_limit_snapshot,3|4,"[""投资业务类型"",""投资品种"",""仓位(成本)"",""风险限额 / 风控比例/金额"",""实际比例/金额"",""限额状态(●/●)"",""备注""]",12,7,8,rows_after_two_level_header_with_business_or_product_type,0a322870f118053c,779eb07983c7ce21,UNCHANGED,
2025-10-17,投资业务台账（20251017）.xlsx,a3953e3286ab5ff2970fcabfdc2af788de934e4a0f833abdd378916f2c348dc6,52561,1,投资项目每周简报,product_position_snapshot,1,"[""证券代码"",""证券名称"",""投资分类I级"",""投资分类II级"",""区域"",""分支机构"",""持仓数量"",""投资金额"",""本年度投资收益"",""当前市值"",""浮动盈亏"",""现价"",""成本单价"",""本年已实现盈亏"",""细分项目"",""项目负责人""]",37,16,26,rows_after_header_with_security_code_and_name,9a8dd4162136b2ee,779eb07983c7ce21,UNCHANGED,
2025-10-17,投资业务台账（20251017）.xlsx,a3953e3286ab5ff2970fcabfdc2af788de934e4a0f833abdd378916f2c348dc6,52561,2,风险监控指标,portfolio_risk_indicator_definition,1|2,"[""指标"",""定义"",""计算公式"",""阈值 / 红"",""黄"",""绿"",""统计周期"",""对应战略焦点行动 / (总经理部关注风险需填)"",""备注""]",3,9,1,rows_after_two_level_header_with_indicator_name,491249abe3857aa8,779eb07983c7ce21,UNCHANGED,
2025-10-17,投资业务台账（20251017）.xlsx,a3953e3286ab5ff2970fcabfdc2af788de934e4a0f833abdd378916f2c348dc6,52561,3,债券投资交易风险监控周报表,bond_trade_risk_snapshot,3,"[""序号"",""债券类别"",""债券名称"",""面值"",""买入净价"",""当前净价"",""已收利息"",""累计收益率"",""止损"",""UNLABELED_COLUMN_J""]",18,10,1,rows_after_header_with_bond_name_excluding_repeated_header,4aac8ae76afd748e,779eb07983c7ce21,UNCHANGED,
2025-10-17,投资业务台账（20251017）.xlsx,a3953e3286ab5ff2970fcabfdc2af788de934e4a0f833abdd378916f2c348dc6,52561,4,固收业务风险监控周报表,fixed_income_holding_risk_snapshot,4,"[""序号"",""债券类别"",""债券名称"",""发行人 (中央政府投资企业/其他企业)"",""UNLABELED_COLUMN_E"",""单户集中度"",""占固收总投资比例"",""投资期限 (信用债久期不超过10年)"",""UNLABELED_COLUMN_I"",""总投资额(元)"",""#NAME?""]",60,11,23,rows_after_header_with_bond_name,85c000697e995c63,779eb07983c7ce21,UNCHANGED,
2025-10-17,投资业务台账（20251017）.xlsx,a3953e3286ab5ff2970fcabfdc2af788de934e4a0f833abdd378916f2c348dc6,52561,5,投资风险限额监控表,investment_limit_snapshot,3|4,"[""投资业务类型"",""投资品种"",""仓位(成本)"",""风险限额 / 风控比例/金额"",""实际比例/金额"",""限额状态(●/●)"",""备注""]",12,7,8,rows_after_two_level_header_with_business_or_product_type,0a322870f118053c,779eb07983c7ce21,UNCHANGED,
2025-10-20,投资业务台账（20251020）.xlsx,0b6ee45bd105f25bd4729a920058d85db69d0e32d68b9ec091d0a1dd73a67e21,35165,1,投资项目每周简报,product_position_snapshot,1,"[""证券代码"",""证券名称"",""投资分类I级"",""投资分类II级"",""区域"",""分支机构"",""持仓数量"",""投资金额"",""本年度投资收益"",""当前市值"",""浮动盈亏"",""现价"",""成本单价"",""本年已实现盈亏"",""细分项目"",""项目负责人""]",24,16,23,rows_after_header_with_security_code_and_name,9a8dd4162136b2ee,e517bb49ed3ca703,CHANGED,固收业务风险监控周报表|投资风险限额监控表
2025-10-20,投资业务台账（20251020）.xlsx,0b6ee45bd105f25bd4729a920058d85db69d0e32d68b9ec091d0a1dd73a67e21,35165,2,风险监控指标,portfolio_risk_indicator_definition,1|2,"[""指标"",""定义"",""计算公式"",""阈值 / 红"",""黄"",""绿"",""统计周期"",""对应战略焦点行动 / (总经理部关注风险需填)"",""备注""]",3,9,1,rows_after_two_level_header_with_indicator_name,491249abe3857aa8,e517bb49ed3ca703,CHANGED,固收业务风险监控周报表|投资风险限额监控表
2025-10-20,投资业务台账（20251020）.xlsx,0b6ee45bd105f25bd4729a920058d85db69d0e32d68b9ec091d0a1dd73a67e21,35165,3,债券投资交易风险监控周报表,bond_trade_risk_snapshot,3,"[""序号"",""债券类别"",""债券名称"",""面值"",""买入净价"",""当前净价"",""已收利息"",""累计收益率"",""止损"",""UNLABELED_COLUMN_J""]",18,10,1,rows_after_header_with_bond_name_excluding_repeated_header,4aac8ae76afd748e,e517bb49ed3ca703,CHANGED,固收业务风险监控周报表|投资风险限额监控表
2025-10-24,投资业务台账（20251024）.xlsx,53a067da70d17d677bca6f10985d1a1c2fb14b2a8b11e63d2111e14ea0fd32b6,52608,1,投资项目每周简报,product_position_snapshot,1,"[""证券代码"",""证券名称"",""投资分类I级"",""投资分类II级"",""区域"",""分支机构"",""持仓数量"",""投资金额"",""本年度投资收益"",""当前市值"",""浮动盈亏"",""现价"",""成本单价"",""本年已实现盈亏"",""细分项目"",""项目负责人""]",37,16,26,rows_after_header_with_security_code_and_name,9a8dd4162136b2ee,779eb07983c7ce21,CHANGED,固收业务风险监控周报表|投资风险限额监控表
2025-10-24,投资业务台账（20251024）.xlsx,53a067da70d17d677bca6f10985d1a1c2fb14b2a8b11e63d2111e14ea0fd32b6,52608,2,风险监控指标,portfolio_risk_indicator_definition,1|2,"[""指标"",""定义"",""计算公式"",""阈值 / 红"",""黄"",""绿"",""统计周期"",""对应战略焦点行动 / (总经理部关注风险需填)"",""备注""]",3,9,1,rows_after_two_level_header_with_indicator_name,491249abe3857aa8,779eb07983c7ce21,CHANGED,固收业务风险监控周报表|投资风险限额监控表
2025-10-24,投资业务台账（20251024）.xlsx,53a067da70d17d677bca6f10985d1a1c2fb14b2a8b11e63d2111e14ea0fd32b6,52608,3,债券投资交易风险监控周报表,bond_trade_risk_snapshot,3,"[""序号"",""债券类别"",""债券名称"",""面值"",""买入净价"",""当前净价"",""已收利息"",""累计收益率"",""止损"",""UNLABELED_COLUMN_J""]",18,10,1,rows_after_header_with_bond_name_excluding_repeated_header,4aac8ae76afd748e,779eb07983c7ce21,CHANGED,固收业务风险监控周报表|投资风险限额监控表
2025-10-24,投资业务台账（20251024）.xlsx,53a067da70d17d677bca6f10985d1a1c2fb14b2a8b11e63d2111e14ea0fd32b6,52608,4,固收业务风险监控周报表,fixed_income_holding_risk_snapshot,4,"[""序号"",""债券类别"",""债券名称"",""发行人 (中央政府投资企业/其他企业)"",""UNLABELED_COLUMN_E"",""单户集中度"",""占固收总投资比例"",""投资期限 (信用债久期不超过10年)"",""UNLABELED_COLUMN_I"",""总投资额(元)"",""#NAME?""]",60,11,23,rows_after_header_with_bond_name,85c000697e995c63,779eb07983c7ce21,CHANGED,固收业务风险监控周报表|投资风险限额监控表
2025-10-24,投资业务台账（20251024）.xlsx,53a067da70d17d677bca6f10985d1a1c2fb14b2a8b11e63d2111e14ea0fd32b6,52608,5,投资风险限额监控表,investment_limit_snapshot,3|4,"[""投资业务类型"",""投资品种"",""仓位(成本)"",""风险限额 / 风控比例/金额"",""实际比例/金额"",""限额状态(●/●)"",""备注""]",12,7,8,rows_after_two_level_header_with_business_or_product_type,0a322870f118053c,779eb07983c7ce21,CHANGED,固收业务风险监控周报表|投资风险限额监控表
2025-10-31,投资业务台账（20251031）.xlsx,066a560a7052568ce8df6fadd6ca2eec677783f77de4c1882b5b1639aa979b7f,52539,1,投资项目每周简报,product_position_snapshot,1,"[""证券代码"",""证券名称"",""投资分类I级"",""投资分类II级"",""区域"",""分支机构"",""持仓数量"",""投资金额"",""本年度投资收益"",""当前市值"",""浮动盈亏"",""现价"",""成本单价"",""本年已实现盈亏"",""细分项目"",""项目负责人""]",37,16,26,rows_after_header_with_security_code_and_name,9a8dd4162136b2ee,779eb07983c7ce21,UNCHANGED,
2025-10-31,投资业务台账（20251031）.xlsx,066a560a7052568ce8df6fadd6ca2eec677783f77de4c1882b5b1639aa979b7f,52539,2,风险监控指标,portfolio_risk_indicator_definition,1|2,"[""指标"",""定义"",""计算公式"",""阈值 / 红"",""黄"",""绿"",""统计周期"",""对应战略焦点行动 / (总经理部关注风险需填)"",""备注""]",3,9,1,rows_after_two_level_header_with_indicator_name,491249abe3857aa8,779eb07983c7ce21,UNCHANGED,
2025-10-31,投资业务台账（20251031）.xlsx,066a560a7052568ce8df6fadd6ca2eec677783f77de4c1882b5b1639aa979b7f,52539,3,债券投资交易风险监控周报表,bond_trade_risk_snapshot,3,"[""序号"",""债券类别"",""债券名称"",""面值"",""买入净价"",""当前净价"",""已收利息"",""累计收益率"",""止损"",""UNLABELED_COLUMN_J""]",18,10,1,rows_after_header_with_bond_name_excluding_repeated_header,4aac8ae76afd748e,779eb07983c7ce21,UNCHANGED,
2025-10-31,投资业务台账（20251031）.xlsx,066a560a7052568ce8df6fadd6ca2eec677783f77de4c1882b5b1639aa979b7f,52539,4,固收业务风险监控周报表,fixed_income_holding_risk_snapshot,4,"[""序号"",""债券类别"",""债券名称"",""发行人 (中央政府投资企业/其他企业)"",""UNLABELED_COLUMN_E"",""单户集中度"",""占固收总投资比例"",""投资期限 (信用债久期不超过10年)"",""UNLABELED_COLUMN_I"",""总投资额(元)"",""#NAME?""]",60,11,23,rows_after_header_with_bond_name,85c000697e995c63,779eb07983c7ce21,UNCHANGED,
2025-10-31,投资业务台账（20251031）.xlsx,066a560a7052568ce8df6fadd6ca2eec677783f77de4c1882b5b1639aa979b7f,52539,5,投资风险限额监控表,investment_limit_snapshot,3|4,"[""投资业务类型"",""投资品种"",""仓位(成本)"",""风险限额 / 风控比例/金额"",""实际比例/金额"",""限额状态(●/●)"",""备注""]",12,7,8,rows_after_two_level_header_with_business_or_product_type,0a322870f118053c,779eb07983c7ce21,UNCHANGED,
2025-11-07,投资业务台账（20251107）.xlsx,98ba284fc615ed05813999887da781e98dfce93dc3e41baa72bf61ead479b00c,52638,1,投资项目每周简报,product_position_snapshot,1,"[""证券代码"",""证券名称"",""投资分类I级"",""投资分类II级"",""区域"",""分支机构"",""持仓数量"",""投资金额"",""本年度投资收益"",""当前市值"",""浮动盈亏"",""现价"",""成本单价"",""本年已实现盈亏"",""细分项目"",""项目负责人""]",37,16,26,rows_after_header_with_security_code_and_name,9a8dd4162136b2ee,779eb07983c7ce21,UNCHANGED,
2025-11-07,投资业务台账（20251107）.xlsx,98ba284fc615ed05813999887da781e98dfce93dc3e41baa72bf61ead479b00c,52638,2,风险监控指标,portfolio_risk_indicator_definition,1|2,"[""指标"",""定义"",""计算公式"",""阈值 / 红"",""黄"",""绿"",""统计周期"",""对应战略焦点行动 / (总经理部关注风险需填)"",""备注""]",3,9,1,rows_after_two_level_header_with_indicator_name,491249abe3857aa8,779eb07983c7ce21,UNCHANGED,
2025-11-07,投资业务台账（20251107）.xlsx,98ba284fc615ed05813999887da781e98dfce93dc3e41baa72bf61ead479b00c,52638,3,债券投资交易风险监控周报表,bond_trade_risk_snapshot,3,"[""序号"",""债券类别"",""债券名称"",""面值"",""买入净价"",""当前净价"",""已收利息"",""累计收益率"",""止损"",""UNLABELED_COLUMN_J""]",18,10,1,rows_after_header_with_bond_name_excluding_repeated_header,4aac8ae76afd748e,779eb07983c7ce21,UNCHANGED,
2025-11-07,投资业务台账（20251107）.xlsx,98ba284fc615ed05813999887da781e98dfce93dc3e41baa72bf61ead479b00c,52638,4,固收业务风险监控周报表,fixed_income_holding_risk_snapshot,4,"[""序号"",""债券类别"",""债券名称"",""发行人 (中央政府投资企业/其他企业)"",""UNLABELED_COLUMN_E"",""单户集中度"",""占固收总投资比例"",""投资期限 (信用债久期不超过10年)"",""UNLABELED_COLUMN_I"",""总投资额(元)"",""#NAME?""]",60,11,23,rows_after_header_with_bond_name,85c000697e995c63,779eb07983c7ce21,UNCHANGED,
2025-11-07,投资业务台账（20251107）.xlsx,98ba284fc615ed05813999887da781e98dfce93dc3e41baa72bf61ead479b00c,52638,5,投资风险限额监控表,investment_limit_snapshot,3|4,"[""投资业务类型"",""投资品种"",""仓位(成本)"",""风险限额 / 风控比例/金额"",""实际比例/金额"",""限额状态(●/●)"",""备注""]",12,7,8,rows_after_two_level_header_with_business_or_product_type,0a322870f118053c,779eb07983c7ce21,UNCHANGED,
2025-11-14,投资业务台账（20251114）.xlsx,0e064f083d30386d9075351f2675791c4889f80e29777ee3821daad119334a1b,52552,1,投资项目每周简报,product_position_snapshot,1,"[""证券代码"",""证券名称"",""投资分类I级"",""投资分类II级"",""区域"",""分支机构"",""持仓数量"",""投资金额"",""本年度投资收益"",""当前市值"",""浮动盈亏"",""现价"",""成本单价"",""本年已实现盈亏"",""细分项目"",""项目负责人""]",37,16,26,rows_after_header_with_security_code_and_name,9a8dd4162136b2ee,779eb07983c7ce21,UNCHANGED,
2025-11-14,投资业务台账（20251114）.xlsx,0e064f083d30386d9075351f2675791c4889f80e29777ee3821daad119334a1b,52552,2,风险监控指标,portfolio_risk_indicator_definition,1|2,"[""指标"",""定义"",""计算公式"",""阈值 / 红"",""黄"",""绿"",""统计周期"",""对应战略焦点行动 / (总经理部关注风险需填)"",""备注""]",3,9,1,rows_after_two_level_header_with_indicator_name,491249abe3857aa8,779eb07983c7ce21,UNCHANGED,
2025-11-14,投资业务台账（20251114）.xlsx,0e064f083d30386d9075351f2675791c4889f80e29777ee3821daad119334a1b,52552,3,债券投资交易风险监控周报表,bond_trade_risk_snapshot,3,"[""序号"",""债券类别"",""债券名称"",""面值"",""买入净价"",""当前净价"",""已收利息"",""累计收益率"",""止损"",""UNLABELED_COLUMN_J""]",18,10,1,rows_after_header_with_bond_name_excluding_repeated_header,4aac8ae76afd748e,779eb07983c7ce21,UNCHANGED,
2025-11-14,投资业务台账（20251114）.xlsx,0e064f083d30386d9075351f2675791c4889f80e29777ee3821daad119334a1b,52552,4,固收业务风险监控周报表,fixed_income_holding_risk_snapshot,4,"[""序号"",""债券类别"",""债券名称"",""发行人 (中央政府投资企业/其他企业)"",""UNLABELED_COLUMN_E"",""单户集中度"",""占固收总投资比例"",""投资期限 (信用债久期不超过10年)"",""UNLABELED_COLUMN_I"",""总投资额(元)"",""#NAME?""]",60,11,23,rows_after_header_with_bond_name,85c000697e995c63,779eb07983c7ce21,UNCHANGED,
2025-11-14,投资业务台账（20251114）.xlsx,0e064f083d30386d9075351f2675791c4889f80e29777ee3821daad119334a1b,52552,5,投资风险限额监控表,investment_limit_snapshot,3|4,"[""投资业务类型"",""投资品种"",""仓位(成本)"",""风险限额 / 风控比例/金额"",""实际比例/金额"",""限额状态(●/●)"",""备注""]",12,7,8,rows_after_two_level_header_with_business_or_product_type,0a322870f118053c,779eb07983c7ce21,UNCHANGED,
2025-11-21,投资业务台账（20251121）.xlsx,7c9852b679facc73838b1641c9285a86baad9eb2296c4aa0f3c2c6575d3c98d9,52589,1,投资项目每周简报,product_position_snapshot,1,"[""证券代码"",""证券名称"",""投资分类I级"",""投资分类II级"",""区域"",""分支机构"",""持仓数量"",""投资金额"",""本年度投资收益"",""当前市值"",""浮动盈亏"",""现价"",""成本单价"",""本年已实现盈亏"",""细分项目"",""项目负责人""]",37,16,26,rows_after_header_with_security_code_and_name,9a8dd4162136b2ee,779eb07983c7ce21,UNCHANGED,
2025-11-21,投资业务台账（20251121）.xlsx,7c9852b679facc73838b1641c9285a86baad9eb2296c4aa0f3c2c6575d3c98d9,52589,2,风险监控指标,portfolio_risk_indicator_definition,1|2,"[""指标"",""定义"",""计算公式"",""阈值 / 红"",""黄"",""绿"",""统计周期"",""对应战略焦点行动 / (总经理部关注风险需填)"",""备注""]",3,9,1,rows_after_two_level_header_with_indicator_name,491249abe3857aa8,779eb07983c7ce21,UNCHANGED,
2025-11-21,投资业务台账（20251121）.xlsx,7c9852b679facc73838b1641c9285a86baad9eb2296c4aa0f3c2c6575d3c98d9,52589,3,债券投资交易风险监控周报表,bond_trade_risk_snapshot,3,"[""序号"",""债券类别"",""债券名称"",""面值"",""买入净价"",""当前净价"",""已收利息"",""累计收益率"",""止损"",""UNLABELED_COLUMN_J""]",18,10,1,rows_after_header_with_bond_name_excluding_repeated_header,4aac8ae76afd748e,779eb07983c7ce21,UNCHANGED,
2025-11-21,投资业务台账（20251121）.xlsx,7c9852b679facc73838b1641c9285a86baad9eb2296c4aa0f3c2c6575d3c98d9,52589,4,固收业务风险监控周报表,fixed_income_holding_risk_snapshot,4,"[""序号"",""债券类别"",""债券名称"",""发行人 (中央政府投资企业/其他企业)"",""UNLABELED_COLUMN_E"",""单户集中度"",""占固收总投资比例"",""投资期限 (信用债久期不超过10年)"",""UNLABELED_COLUMN_I"",""总投资额(元)"",""#NAME?""]",60,11,23,rows_after_header_with_bond_name,85c000697e995c63,779eb07983c7ce21,UNCHANGED,
2025-11-21,投资业务台账（20251121）.xlsx,7c9852b679facc73838b1641c9285a86baad9eb2296c4aa0f3c2c6575d3c98d9,52589,5,投资风险限额监控表,investment_limit_snapshot,3|4,"[""投资业务类型"",""投资品种"",""仓位(成本)"",""风险限额 / 风控比例/金额"",""实际比例/金额"",""限额状态(●/●)"",""备注""]",12,7,8,rows_after_two_level_header_with_business_or_product_type,0a322870f118053c,779eb07983c7ce21,UNCHANGED,
2025-11-28,投资业务台账（20251128）.xlsx,f73dfd09d3b2429d4313d8acc77f6ba14f206befa8d2d8d410804cb55de1d5ae,52522,1,投资项目每周简报,product_position_snapshot,1,"[""证券代码"",""证券名称"",""投资分类I级"",""投资分类II级"",""区域"",""分支机构"",""持仓数量"",""投资金额"",""本年度投资收益"",""当前市值"",""浮动盈亏"",""现价"",""成本单价"",""本年已实现盈亏"",""细分项目"",""项目负责人""]",37,16,26,rows_after_header_with_security_code_and_name,9a8dd4162136b2ee,779eb07983c7ce21,UNCHANGED,
2025-11-28,投资业务台账（20251128）.xlsx,f73dfd09d3b2429d4313d8acc77f6ba14f206befa8d2d8d410804cb55de1d5ae,52522,2,风险监控指标,portfolio_risk_indicator_definition,1|2,"[""指标"",""定义"",""计算公式"",""阈值 / 红"",""黄"",""绿"",""统计周期"",""对应战略焦点行动 / (总经理部关注风险需填)"",""备注""]",3,9,1,rows_after_two_level_header_with_indicator_name,491249abe3857aa8,779eb07983c7ce21,UNCHANGED,
2025-11-28,投资业务台账（20251128）.xlsx,f73dfd09d3b2429d4313d8acc77f6ba14f206befa8d2d8d410804cb55de1d5ae,52522,3,债券投资交易风险监控周报表,bond_trade_risk_snapshot,3,"[""序号"",""债券类别"",""债券名称"",""面值"",""买入净价"",""当前净价"",""已收利息"",""累计收益率"",""止损"",""UNLABELED_COLUMN_J""]",18,10,1,rows_after_header_with_bond_name_excluding_repeated_header,4aac8ae76afd748e,779eb07983c7ce21,UNCHANGED,
2025-11-28,投资业务台账（20251128）.xlsx,f73dfd09d3b2429d4313d8acc77f6ba14f206befa8d2d8d410804cb55de1d5ae,52522,4,固收业务风险监控周报表,fixed_income_holding_risk_snapshot,4,"[""序号"",""债券类别"",""债券名称"",""发行人 (中央政府投资企业/其他企业)"",""UNLABELED_COLUMN_E"",""单户集中度"",""占固收总投资比例"",""投资期限 (信用债久期不超过10年)"",""UNLABELED_COLUMN_I"",""总投资额(元)"",""#NAME?""]",60,11,23,rows_after_header_with_bond_name,85c000697e995c63,779eb07983c7ce21,UNCHANGED,
2025-11-28,投资业务台账（20251128）.xlsx,f73dfd09d3b2429d4313d8acc77f6ba14f206befa8d2d8d410804cb55de1d5ae,52522,5,投资风险限额监控表,investment_limit_snapshot,3|4,"[""投资业务类型"",""投资品种"",""仓位(成本)"",""风险限额 / 风控比例/金额"",""实际比例/金额"",""限额状态(●/●)"",""备注""]",12,7,8,rows_after_two_level_header_with_business_or_product_type,0a322870f118053c,779eb07983c7ce21,UNCHANGED,
2025-12-05,投资业务台账（20251205）.xlsx,3d81c040c2f4604a7399b3631b6cf31f978bf11e010aa684ff9f14e1964a63ee,52678,1,投资项目每周简报,product_position_snapshot,1,"[""证券代码"",""证券名称"",""投资分类I级"",""投资分类II级"",""区域"",""分支机构"",""持仓数量"",""投资金额"",""本年度投资收益"",""当前市值"",""浮动盈亏"",""现价"",""成本单价"",""本年已实现盈亏"",""细分项目"",""项目负责人""]",37,16,26,rows_after_header_with_security_code_and_name,9a8dd4162136b2ee,779eb07983c7ce21,UNCHANGED,
2025-12-05,投资业务台账（20251205）.xlsx,3d81c040c2f4604a7399b3631b6cf31f978bf11e010aa684ff9f14e1964a63ee,52678,2,风险监控指标,portfolio_risk_indicator_definition,1|2,"[""指标"",""定义"",""计算公式"",""阈值 / 红"",""黄"",""绿"",""统计周期"",""对应战略焦点行动 / (总经理部关注风险需填)"",""备注""]",3,9,1,rows_after_two_level_header_with_indicator_name,491249abe3857aa8,779eb07983c7ce21,UNCHANGED,
2025-12-05,投资业务台账（20251205）.xlsx,3d81c040c2f4604a7399b3631b6cf31f978bf11e010aa684ff9f14e1964a63ee,52678,3,债券投资交易风险监控周报表,bond_trade_risk_snapshot,3,"[""序号"",""债券类别"",""债券名称"",""面值"",""买入净价"",""当前净价"",""已收利息"",""累计收益率"",""止损"",""UNLABELED_COLUMN_J""]",18,10,1,rows_after_header_with_bond_name_excluding_repeated_header,4aac8ae76afd748e,779eb07983c7ce21,UNCHANGED,
2025-12-05,投资业务台账（20251205）.xlsx,3d81c040c2f4604a7399b3631b6cf31f978bf11e010aa684ff9f14e1964a63ee,52678,4,固收业务风险监控周报表,fixed_income_holding_risk_snapshot,4,"[""序号"",""债券类别"",""债券名称"",""发行人 (中央政府投资企业/其他企业)"",""UNLABELED_COLUMN_E"",""单户集中度"",""占固收总投资比例"",""投资期限 (信用债久期不超过10年)"",""UNLABELED_COLUMN_I"",""总投资额(元)"",""#NAME?""]",60,11,23,rows_after_header_with_bond_name,85c000697e995c63,779eb07983c7ce21,UNCHANGED,
2025-12-05,投资业务台账（20251205）.xlsx,3d81c040c2f4604a7399b3631b6cf31f978bf11e010aa684ff9f14e1964a63ee,52678,5,投资风险限额监控表,investment_limit_snapshot,3|4,"[""投资业务类型"",""投资品种"",""仓位(成本)"",""风险限额 / 风控比例/金额"",""实际比例/金额"",""限额状态(●/●)"",""备注""]",12,7,8,rows_after_two_level_header_with_business_or_product_type,0a322870f118053c,779eb07983c7ce21,UNCHANGED,
2025-12-12,投资业务台账（20251212）.xlsx,2269502e623c360b744c4f2dcdd281289797a70b5c0ef34306d89322f1884f4c,52657,1,投资项目每周简报,product_position_snapshot,1,"[""证券代码"",""证券名称"",""投资分类I级"",""投资分类II级"",""区域"",""分支机构"",""持仓数量"",""投资金额"",""本年度投资收益"",""当前市值"",""浮动盈亏"",""现价"",""成本单价"",""本年已实现盈亏"",""细分项目"",""项目负责人""]",37,16,26,rows_after_header_with_security_code_and_name,9a8dd4162136b2ee,779eb07983c7ce21,UNCHANGED,
2025-12-12,投资业务台账（20251212）.xlsx,2269502e623c360b744c4f2dcdd281289797a70b5c0ef34306d89322f1884f4c,52657,2,风险监控指标,portfolio_risk_indicator_definition,1|2,"[""指标"",""定义"",""计算公式"",""阈值 / 红"",""黄"",""绿"",""统计周期"",""对应战略焦点行动 / (总经理部关注风险需填)"",""备注""]",3,9,1,rows_after_two_level_header_with_indicator_name,491249abe3857aa8,779eb07983c7ce21,UNCHANGED,
2025-12-12,投资业务台账（20251212）.xlsx,2269502e623c360b744c4f2dcdd281289797a70b5c0ef34306d89322f1884f4c,52657,3,债券投资交易风险监控周报表,bond_trade_risk_snapshot,3,"[""序号"",""债券类别"",""债券名称"",""面值"",""买入净价"",""当前净价"",""已收利息"",""累计收益率"",""止损"",""UNLABELED_COLUMN_J""]",18,10,1,rows_after_header_with_bond_name_excluding_repeated_header,4aac8ae76afd748e,779eb07983c7ce21,UNCHANGED,
2025-12-12,投资业务台账（20251212）.xlsx,2269502e623c360b744c4f2dcdd281289797a70b5c0ef34306d89322f1884f4c,52657,4,固收业务风险监控周报表,fixed_income_holding_risk_snapshot,4,"[""序号"",""债券类别"",""债券名称"",""发行人 (中央政府投资企业/其他企业)"",""UNLABELED_COLUMN_E"",""单户集中度"",""占固收总投资比例"",""投资期限 (信用债久期不超过10年)"",""UNLABELED_COLUMN_I"",""总投资额(元)"",""#NAME?""]",60,11,23,rows_after_header_with_bond_name,85c000697e995c63,779eb07983c7ce21,UNCHANGED,
2025-12-12,投资业务台账（20251212）.xlsx,2269502e623c360b744c4f2dcdd281289797a70b5c0ef34306d89322f1884f4c,52657,5,投资风险限额监控表,investment_limit_snapshot,3|4,"[""投资业务类型"",""投资品种"",""仓位(成本)"",""风险限额 / 风控比例/金额"",""实际比例/金额"",""限额状态(●/●)"",""备注""]",12,7,8,rows_after_two_level_header_with_business_or_product_type,0a322870f118053c,779eb07983c7ce21,UNCHANGED,
2025-12-19,投资业务台账（20251219）.xlsx,353f0398644f256d5f47e80c01f4d551a33b275dead887e1f91c00c3cae7630d,52437,1,投资项目每周简报,product_position_snapshot,1,"[""证券代码"",""证券名称"",""投资分类I级"",""投资分类II级"",""区域"",""分支机构"",""持仓数量"",""投资金额"",""本年度投资收益"",""当前市值"",""浮动盈亏"",""现价"",""成本单价"",""本年已实现盈亏"",""细分项目"",""项目负责人""]",37,16,26,rows_after_header_with_security_code_and_name,9a8dd4162136b2ee,779eb07983c7ce21,UNCHANGED,
2025-12-19,投资业务台账（20251219）.xlsx,353f0398644f256d5f47e80c01f4d551a33b275dead887e1f91c00c3cae7630d,52437,2,风险监控指标,portfolio_risk_indicator_definition,1|2,"[""指标"",""定义"",""计算公式"",""阈值 / 红"",""黄"",""绿"",""统计周期"",""对应战略焦点行动 / (总经理部关注风险需填)"",""备注""]",3,9,1,rows_after_two_level_header_with_indicator_name,491249abe3857aa8,779eb07983c7ce21,UNCHANGED,
2025-12-19,投资业务台账（20251219）.xlsx,353f0398644f256d5f47e80c01f4d551a33b275dead887e1f91c00c3cae7630d,52437,3,债券投资交易风险监控周报表,bond_trade_risk_snapshot,3,"[""序号"",""债券类别"",""债券名称"",""面值"",""买入净价"",""当前净价"",""已收利息"",""累计收益率"",""止损"",""UNLABELED_COLUMN_J""]",18,10,1,rows_after_header_with_bond_name_excluding_repeated_header,4aac8ae76afd748e,779eb07983c7ce21,UNCHANGED,
2025-12-19,投资业务台账（20251219）.xlsx,353f0398644f256d5f47e80c01f4d551a33b275dead887e1f91c00c3cae7630d,52437,4,固收业务风险监控周报表,fixed_income_holding_risk_snapshot,4,"[""序号"",""债券类别"",""债券名称"",""发行人 (中央政府投资企业/其他企业)"",""UNLABELED_COLUMN_E"",""单户集中度"",""占固收总投资比例"",""投资期限 (信用债久期不超过10年)"",""UNLABELED_COLUMN_I"",""总投资额(元)"",""#NAME?""]",60,11,23,rows_after_header_with_bond_name,85c000697e995c63,779eb07983c7ce21,UNCHANGED,
2025-12-19,投资业务台账（20251219）.xlsx,353f0398644f256d5f47e80c01f4d551a33b275dead887e1f91c00c3cae7630d,52437,5,投资风险限额监控表,investment_limit_snapshot,3|4,"[""投资业务类型"",""投资品种"",""仓位(成本)"",""风险限额 / 风控比例/金额"",""实际比例/金额"",""限额状态(●/●)"",""备注""]",12,7,8,rows_after_two_level_header_with_business_or_product_type,0a322870f118053c,779eb07983c7ce21,UNCHANGED,
2025-12-26,投资业务台账（20251226）.xlsx,f09a5a0e0b6914baddf79f1af8a8ec6bf9d29b986c4899b17e59db3626ac469f,51788,1,投资项目每周简报,product_position_snapshot,1,"[""证券代码"",""证券名称"",""投资分类I级"",""投资分类II级"",""区域"",""分支机构"",""持仓数量"",""投资金额"",""本年度投资收益"",""当前市值"",""浮动盈亏"",""现价"",""成本单价"",""本年已实现盈亏"",""细分项目"",""项目负责人""]",37,16,26,rows_after_header_with_security_code_and_name,9a8dd4162136b2ee,779eb07983c7ce21,UNCHANGED,
2025-12-26,投资业务台账（20251226）.xlsx,f09a5a0e0b6914baddf79f1af8a8ec6bf9d29b986c4899b17e59db3626ac469f,51788,2,风险监控指标,portfolio_risk_indicator_definition,1|2,"[""指标"",""定义"",""计算公式"",""阈值 / 红"",""黄"",""绿"",""统计周期"",""对应战略焦点行动 / (总经理部关注风险需填)"",""备注""]",3,9,1,rows_after_two_level_header_with_indicator_name,491249abe3857aa8,779eb07983c7ce21,UNCHANGED,
2025-12-26,投资业务台账（20251226）.xlsx,f09a5a0e0b6914baddf79f1af8a8ec6bf9d29b986c4899b17e59db3626ac469f,51788,3,债券投资交易风险监控周报表,bond_trade_risk_snapshot,3,"[""序号"",""债券类别"",""债券名称"",""面值"",""买入净价"",""当前净价"",""已收利息"",""累计收益率"",""止损"",""UNLABELED_COLUMN_J""]",18,10,1,rows_after_header_with_bond_name_excluding_repeated_header,4aac8ae76afd748e,779eb07983c7ce21,UNCHANGED,
2025-12-26,投资业务台账（20251226）.xlsx,f09a5a0e0b6914baddf79f1af8a8ec6bf9d29b986c4899b17e59db3626ac469f,51788,4,固收业务风险监控周报表,fixed_income_holding_risk_snapshot,4,"[""序号"",""债券类别"",""债券名称"",""发行人 (中央政府投资企业/其他企业)"",""UNLABELED_COLUMN_E"",""单户集中度"",""占固收总投资比例"",""投资期限 (信用债久期不超过10年)"",""UNLABELED_COLUMN_I"",""总投资额(元)"",""#NAME?""]",60,11,23,rows_after_header_with_bond_name,85c000697e995c63,779eb07983c7ce21,UNCHANGED,
2025-12-26,投资业务台账（20251226）.xlsx,f09a5a0e0b6914baddf79f1af8a8ec6bf9d29b986c4899b17e59db3626ac469f,51788,5,投资风险限额监控表,investment_limit_snapshot,3|4,"[""投资业务类型"",""投资品种"",""仓位(成本)"",""风险限额 / 风控比例/金额"",""实际比例/金额"",""限额状态(●/●)"",""备注""]",12,7,8,rows_after_two_level_header_with_business_or_product_type,0a322870f118053c,779eb07983c7ce21,UNCHANGED,
2025-12-31,投资业务台账（20251231）.xlsx,d738ecd0b129176b0f853b7df2af5d739e1a1aba458b8dffdebd2fc538c94a8a,52611,1,投资项目每周简报,product_position_snapshot,1,"[""证券代码"",""证券名称"",""投资分类I级"",""投资分类II级"",""区域"",""分支机构"",""持仓数量"",""投资金额"",""本年度投资收益"",""当前市值"",""浮动盈亏"",""现价"",""成本单价"",""本年已实现盈亏"",""细分项目"",""项目负责人""]",39,16,28,rows_after_header_with_security_code_and_name,9a8dd4162136b2ee,779eb07983c7ce21,UNCHANGED,
2025-12-31,投资业务台账（20251231）.xlsx,d738ecd0b129176b0f853b7df2af5d739e1a1aba458b8dffdebd2fc538c94a8a,52611,2,风险监控指标,portfolio_risk_indicator_definition,1|2,"[""指标"",""定义"",""计算公式"",""阈值 / 红"",""黄"",""绿"",""统计周期"",""对应战略焦点行动 / (总经理部关注风险需填)"",""备注""]",3,9,1,rows_after_two_level_header_with_indicator_name,491249abe3857aa8,779eb07983c7ce21,UNCHANGED,
2025-12-31,投资业务台账（20251231）.xlsx,d738ecd0b129176b0f853b7df2af5d739e1a1aba458b8dffdebd2fc538c94a8a,52611,3,债券投资交易风险监控周报表,bond_trade_risk_snapshot,3,"[""序号"",""债券类别"",""债券名称"",""面值"",""买入净价"",""当前净价"",""已收利息"",""累计收益率"",""止损"",""UNLABELED_COLUMN_J""]",18,10,1,rows_after_header_with_bond_name_excluding_repeated_header,4aac8ae76afd748e,779eb07983c7ce21,UNCHANGED,
2025-12-31,投资业务台账（20251231）.xlsx,d738ecd0b129176b0f853b7df2af5d739e1a1aba458b8dffdebd2fc538c94a8a,52611,4,固收业务风险监控周报表,fixed_income_holding_risk_snapshot,4,"[""序号"",""债券类别"",""债券名称"",""发行人 (中央政府投资企业/其他企业)"",""UNLABELED_COLUMN_E"",""单户集中度"",""占固收总投资比例"",""投资期限 (信用债久期不超过10年)"",""UNLABELED_COLUMN_I"",""总投资额(元)"",""#NAME?""]",62,11,25,rows_after_header_with_bond_name,85c000697e995c63,779eb07983c7ce21,UNCHANGED,
2025-12-31,投资业务台账（20251231）.xlsx,d738ecd0b129176b0f853b7df2af5d739e1a1aba458b8dffdebd2fc538c94a8a,52611,5,投资风险限额监控表,investment_limit_snapshot,3|4,"[""投资业务类型"",""投资品种"",""仓位(成本)"",""风险限额 / 风控比例/金额"",""实际比例/金额"",""限额状态(●/●)"",""备注""]",12,7,8,rows_after_two_level_header_with_business_or_product_type,0a322870f118053c,779eb07983c7ce21,UNCHANGED,
2026-01-09,投资业务台账（20260109）.xlsx,16b04b685cfb6613ded5043662f51d98fb1f9c2d7c875a26a2b27c1de95c0559,50106,1,投资项目每周简报,product_position_snapshot,1,"[""证券代码"",""证券名称"",""投资分类I级"",""投资分类II级"",""区域"",""分支机构"",""持仓数量"",""投资金额"",""本年度投资收益"",""当前市值"",""浮动盈亏"",""现价"",""成本单价"",""本年已实现盈亏"",""细分项目"",""项目负责人""]",28,16,17,rows_after_header_with_security_code_and_name,9a8dd4162136b2ee,779eb07983c7ce21,UNCHANGED,
2026-01-09,投资业务台账（20260109）.xlsx,16b04b685cfb6613ded5043662f51d98fb1f9c2d7c875a26a2b27c1de95c0559,50106,2,风险监控指标,portfolio_risk_indicator_definition,1|2,"[""指标"",""定义"",""计算公式"",""阈值 / 红"",""黄"",""绿"",""统计周期"",""对应战略焦点行动 / (总经理部关注风险需填)"",""备注""]",3,9,1,rows_after_two_level_header_with_indicator_name,491249abe3857aa8,779eb07983c7ce21,UNCHANGED,
2026-01-09,投资业务台账（20260109）.xlsx,16b04b685cfb6613ded5043662f51d98fb1f9c2d7c875a26a2b27c1de95c0559,50106,3,债券投资交易风险监控周报表,bond_trade_risk_snapshot,3,"[""序号"",""债券类别"",""债券名称"",""面值"",""买入净价"",""当前净价"",""已收利息"",""累计收益率"",""止损"",""UNLABELED_COLUMN_J""]",18,10,1,rows_after_header_with_bond_name_excluding_repeated_header,4aac8ae76afd748e,779eb07983c7ce21,UNCHANGED,
2026-01-09,投资业务台账（20260109）.xlsx,16b04b685cfb6613ded5043662f51d98fb1f9c2d7c875a26a2b27c1de95c0559,50106,4,固收业务风险监控周报表,fixed_income_holding_risk_snapshot,4,"[""序号"",""债券类别"",""债券名称"",""发行人 (中央政府投资企业/其他企业)"",""UNLABELED_COLUMN_E"",""单户集中度"",""占固收总投资比例"",""投资期限 (信用债久期不超过10年)"",""UNLABELED_COLUMN_I"",""总投资额(元)"",""#NAME?""]",52,11,15,rows_after_header_with_bond_name,85c000697e995c63,779eb07983c7ce21,UNCHANGED,
2026-01-09,投资业务台账（20260109）.xlsx,16b04b685cfb6613ded5043662f51d98fb1f9c2d7c875a26a2b27c1de95c0559,50106,5,投资风险限额监控表,investment_limit_snapshot,3|4,"[""投资业务类型"",""投资品种"",""仓位(成本)"",""风险限额 / 风控比例/金额"",""实际比例/金额"",""限额状态(●/●)"",""备注""]",12,7,8,rows_after_two_level_header_with_business_or_product_type,0a322870f118053c,779eb07983c7ce21,UNCHANGED,
2026-01-16,投资业务台账（20260116）.xlsx,fb3376b3440eb9cda0f2a6ce3a0ea079689da779394ee6302f18ec305d6dc557,49998,1,投资项目每周简报,product_position_snapshot,1,"[""证券代码"",""证券名称"",""投资分类I级"",""投资分类II级"",""区域"",""分支机构"",""持仓数量"",""投资金额"",""本年度投资收益"",""当前市值"",""浮动盈亏"",""现价"",""成本单价"",""本年已实现盈亏"",""细分项目"",""项目负责人""]",28,16,17,rows_after_header_with_security_code_and_name,9a8dd4162136b2ee,779eb07983c7ce21,UNCHANGED,
2026-01-16,投资业务台账（20260116）.xlsx,fb3376b3440eb9cda0f2a6ce3a0ea079689da779394ee6302f18ec305d6dc557,49998,2,风险监控指标,portfolio_risk_indicator_definition,1|2,"[""指标"",""定义"",""计算公式"",""阈值 / 红"",""黄"",""绿"",""统计周期"",""对应战略焦点行动 / (总经理部关注风险需填)"",""备注""]",3,9,1,rows_after_two_level_header_with_indicator_name,491249abe3857aa8,779eb07983c7ce21,UNCHANGED,
2026-01-16,投资业务台账（20260116）.xlsx,fb3376b3440eb9cda0f2a6ce3a0ea079689da779394ee6302f18ec305d6dc557,49998,3,债券投资交易风险监控周报表,bond_trade_risk_snapshot,3,"[""序号"",""债券类别"",""债券名称"",""面值"",""买入净价"",""当前净价"",""已收利息"",""累计收益率"",""止损"",""UNLABELED_COLUMN_J""]",18,10,1,rows_after_header_with_bond_name_excluding_repeated_header,4aac8ae76afd748e,779eb07983c7ce21,UNCHANGED,
2026-01-16,投资业务台账（20260116）.xlsx,fb3376b3440eb9cda0f2a6ce3a0ea079689da779394ee6302f18ec305d6dc557,49998,4,固收业务风险监控周报表,fixed_income_holding_risk_snapshot,4,"[""序号"",""债券类别"",""债券名称"",""发行人 (中央政府投资企业/其他企业)"",""UNLABELED_COLUMN_E"",""单户集中度"",""占固收总投资比例"",""投资期限 (信用债久期不超过10年)"",""UNLABELED_COLUMN_I"",""总投资额(元)"",""#NAME?""]",52,11,15,rows_after_header_with_bond_name,85c000697e995c63,779eb07983c7ce21,UNCHANGED,
2026-01-16,投资业务台账（20260116）.xlsx,fb3376b3440eb9cda0f2a6ce3a0ea079689da779394ee6302f18ec305d6dc557,49998,5,投资风险限额监控表,investment_limit_snapshot,3|4,"[""投资业务类型"",""投资品种"",""仓位(成本)"",""风险限额 / 风控比例/金额"",""实际比例/金额"",""限额状态(●/●)"",""备注""]",12,7,8,rows_after_two_level_header_with_business_or_product_type,0a322870f118053c,779eb07983c7ce21,UNCHANGED,
2026-01-23,投资业务台账（20260123）.xlsx,6e9153f5063728a6a5b6ccc293415c7837cc09a50d9e1a51cc1b1d6885799722,50035,1,投资项目每周简报,product_position_snapshot,1,"[""证券代码"",""证券名称"",""投资分类I级"",""投资分类II级"",""区域"",""分支机构"",""持仓数量"",""投资金额"",""本年度投资收益"",""当前市值"",""浮动盈亏"",""现价"",""成本单价"",""本年已实现盈亏"",""细分项目"",""项目负责人""]",28,16,17,rows_after_header_with_security_code_and_name,9a8dd4162136b2ee,779eb07983c7ce21,UNCHANGED,
2026-01-23,投资业务台账（20260123）.xlsx,6e9153f5063728a6a5b6ccc293415c7837cc09a50d9e1a51cc1b1d6885799722,50035,2,风险监控指标,portfolio_risk_indicator_definition,1|2,"[""指标"",""定义"",""计算公式"",""阈值 / 红"",""黄"",""绿"",""统计周期"",""对应战略焦点行动 / (总经理部关注风险需填)"",""备注""]",3,9,1,rows_after_two_level_header_with_indicator_name,491249abe3857aa8,779eb07983c7ce21,UNCHANGED,
2026-01-23,投资业务台账（20260123）.xlsx,6e9153f5063728a6a5b6ccc293415c7837cc09a50d9e1a51cc1b1d6885799722,50035,3,债券投资交易风险监控周报表,bond_trade_risk_snapshot,3,"[""序号"",""债券类别"",""债券名称"",""面值"",""买入净价"",""当前净价"",""已收利息"",""累计收益率"",""止损"",""UNLABELED_COLUMN_J""]",18,10,1,rows_after_header_with_bond_name_excluding_repeated_header,4aac8ae76afd748e,779eb07983c7ce21,UNCHANGED,
2026-01-23,投资业务台账（20260123）.xlsx,6e9153f5063728a6a5b6ccc293415c7837cc09a50d9e1a51cc1b1d6885799722,50035,4,固收业务风险监控周报表,fixed_income_holding_risk_snapshot,4,"[""序号"",""债券类别"",""债券名称"",""发行人 (中央政府投资企业/其他企业)"",""UNLABELED_COLUMN_E"",""单户集中度"",""占固收总投资比例"",""投资期限 (信用债久期不超过10年)"",""UNLABELED_COLUMN_I"",""总投资额(元)"",""#NAME?""]",52,11,15,rows_after_header_with_bond_name,85c000697e995c63,779eb07983c7ce21,UNCHANGED,
2026-01-23,投资业务台账（20260123）.xlsx,6e9153f5063728a6a5b6ccc293415c7837cc09a50d9e1a51cc1b1d6885799722,50035,5,投资风险限额监控表,investment_limit_snapshot,3|4,"[""投资业务类型"",""投资品种"",""仓位(成本)"",""风险限额 / 风控比例/金额"",""实际比例/金额"",""限额状态(●/●)"",""备注""]",12,7,8,rows_after_two_level_header_with_business_or_product_type,0a322870f118053c,779eb07983c7ce21,UNCHANGED,
2026-01-30,投资业务台账（20260130）.xlsx,3740811ee12a05a8641d5ccef0fa00b891b006b1b82e0bb5011d928e7841abf6,50153,1,投资项目每周简报,product_position_snapshot,1,"[""证券代码"",""证券名称"",""投资分类I级"",""投资分类II级"",""区域"",""分支机构"",""持仓数量"",""投资金额"",""本年度投资收益"",""当前市值"",""浮动盈亏"",""现价"",""成本单价"",""本年已实现盈亏"",""细分项目"",""项目负责人""]",28,16,17,rows_after_header_with_security_code_and_name,9a8dd4162136b2ee,779eb07983c7ce21,UNCHANGED,
2026-01-30,投资业务台账（20260130）.xlsx,3740811ee12a05a8641d5ccef0fa00b891b006b1b82e0bb5011d928e7841abf6,50153,2,风险监控指标,portfolio_risk_indicator_definition,1|2,"[""指标"",""定义"",""计算公式"",""阈值 / 红"",""黄"",""绿"",""统计周期"",""对应战略焦点行动 / (总经理部关注风险需填)"",""备注""]",3,9,1,rows_after_two_level_header_with_indicator_name,491249abe3857aa8,779eb07983c7ce21,UNCHANGED,
2026-01-30,投资业务台账（20260130）.xlsx,3740811ee12a05a8641d5ccef0fa00b891b006b1b82e0bb5011d928e7841abf6,50153,3,债券投资交易风险监控周报表,bond_trade_risk_snapshot,3,"[""序号"",""债券类别"",""债券名称"",""面值"",""买入净价"",""当前净价"",""已收利息"",""累计收益率"",""止损"",""UNLABELED_COLUMN_J""]",18,10,1,rows_after_header_with_bond_name_excluding_repeated_header,4aac8ae76afd748e,779eb07983c7ce21,UNCHANGED,
2026-01-30,投资业务台账（20260130）.xlsx,3740811ee12a05a8641d5ccef0fa00b891b006b1b82e0bb5011d928e7841abf6,50153,4,固收业务风险监控周报表,fixed_income_holding_risk_snapshot,4,"[""序号"",""债券类别"",""债券名称"",""发行人 (中央政府投资企业/其他企业)"",""UNLABELED_COLUMN_E"",""单户集中度"",""占固收总投资比例"",""投资期限 (信用债久期不超过10年)"",""UNLABELED_COLUMN_I"",""总投资额(元)"",""#NAME?""]",52,11,15,rows_after_header_with_bond_name,85c000697e995c63,779eb07983c7ce21,UNCHANGED,
2026-01-30,投资业务台账（20260130）.xlsx,3740811ee12a05a8641d5ccef0fa00b891b006b1b82e0bb5011d928e7841abf6,50153,5,投资风险限额监控表,investment_limit_snapshot,3|4,"[""投资业务类型"",""投资品种"",""仓位(成本)"",""风险限额 / 风控比例/金额"",""实际比例/金额"",""限额状态(●/●)"",""备注""]",12,7,8,rows_after_two_level_header_with_business_or_product_type,0a322870f118053c,779eb07983c7ce21,UNCHANGED,
2026-02-06,投资业务台账（20260206）.xlsx,6b7832248de8b3dae1b98e5d9db53d53e95fd9b8542d192ab18b6235b6723034,51049,1,投资项目每周简报,product_position_snapshot,1,"[""证券代码"",""证券名称"",""投资分类I级"",""投资分类II级"",""区域"",""分支机构"",""持仓数量"",""投资金额"",""本年度投资收益"",""当前市值"",""浮动盈亏"",""现价"",""成本单价"",""本年已实现盈亏"",""细分项目"",""项目负责人""]",31,16,20,rows_after_header_with_security_code_and_name,9a8dd4162136b2ee,779eb07983c7ce21,UNCHANGED,
2026-02-06,投资业务台账（20260206）.xlsx,6b7832248de8b3dae1b98e5d9db53d53e95fd9b8542d192ab18b6235b6723034,51049,2,风险监控指标,portfolio_risk_indicator_definition,1|2,"[""指标"",""定义"",""计算公式"",""阈值 / 红"",""黄"",""绿"",""统计周期"",""对应战略焦点行动 / (总经理部关注风险需填)"",""备注""]",3,9,1,rows_after_two_level_header_with_indicator_name,491249abe3857aa8,779eb07983c7ce21,UNCHANGED,
2026-02-06,投资业务台账（20260206）.xlsx,6b7832248de8b3dae1b98e5d9db53d53e95fd9b8542d192ab18b6235b6723034,51049,3,债券投资交易风险监控周报表,bond_trade_risk_snapshot,3,"[""序号"",""债券类别"",""债券名称"",""面值"",""买入净价"",""当前净价"",""已收利息"",""累计收益率"",""止损"",""UNLABELED_COLUMN_J""]",18,10,1,rows_after_header_with_bond_name_excluding_repeated_header,4aac8ae76afd748e,779eb07983c7ce21,UNCHANGED,
2026-02-06,投资业务台账（20260206）.xlsx,6b7832248de8b3dae1b98e5d9db53d53e95fd9b8542d192ab18b6235b6723034,51049,4,固收业务风险监控周报表,fixed_income_holding_risk_snapshot,4,"[""序号"",""债券类别"",""债券名称"",""发行人 (中央政府投资企业/其他企业)"",""UNLABELED_COLUMN_E"",""单户集中度"",""占固收总投资比例"",""投资期限 (信用债久期不超过10年)"",""UNLABELED_COLUMN_I"",""总投资额(元)"",""#NAME?""]",55,11,18,rows_after_header_with_bond_name,85c000697e995c63,779eb07983c7ce21,UNCHANGED,
2026-02-06,投资业务台账（20260206）.xlsx,6b7832248de8b3dae1b98e5d9db53d53e95fd9b8542d192ab18b6235b6723034,51049,5,投资风险限额监控表,investment_limit_snapshot,3|4,"[""投资业务类型"",""投资品种"",""仓位(成本)"",""风险限额 / 风控比例/金额"",""实际比例/金额"",""限额状态(●/●)"",""备注""]",12,7,8,rows_after_two_level_header_with_business_or_product_type,0a322870f118053c,779eb07983c7ce21,UNCHANGED,
2026-02-13,投资业务台账（20260213）.xlsx,38ba0a32aadeadcea1ebfb370a199441300ee7463607182edf43a429d39fe4b2,51049,1,投资项目每周简报,product_position_snapshot,1,"[""证券代码"",""证券名称"",""投资分类I级"",""投资分类II级"",""区域"",""分支机构"",""持仓数量"",""投资金额"",""本年度投资收益"",""当前市值"",""浮动盈亏"",""现价"",""成本单价"",""本年已实现盈亏"",""细分项目"",""项目负责人""]",31,16,20,rows_after_header_with_security_code_and_name,9a8dd4162136b2ee,779eb07983c7ce21,UNCHANGED,
2026-02-13,投资业务台账（20260213）.xlsx,38ba0a32aadeadcea1ebfb370a199441300ee7463607182edf43a429d39fe4b2,51049,2,风险监控指标,portfolio_risk_indicator_definition,1|2,"[""指标"",""定义"",""计算公式"",""阈值 / 红"",""黄"",""绿"",""统计周期"",""对应战略焦点行动 / (总经理部关注风险需填)"",""备注""]",3,9,1,rows_after_two_level_header_with_indicator_name,491249abe3857aa8,779eb07983c7ce21,UNCHANGED,
2026-02-13,投资业务台账（20260213）.xlsx,38ba0a32aadeadcea1ebfb370a199441300ee7463607182edf43a429d39fe4b2,51049,3,债券投资交易风险监控周报表,bond_trade_risk_snapshot,3,"[""序号"",""债券类别"",""债券名称"",""面值"",""买入净价"",""当前净价"",""已收利息"",""累计收益率"",""止损"",""UNLABELED_COLUMN_J""]",18,10,1,rows_after_header_with_bond_name_excluding_repeated_header,4aac8ae76afd748e,779eb07983c7ce21,UNCHANGED,
2026-02-13,投资业务台账（20260213）.xlsx,38ba0a32aadeadcea1ebfb370a199441300ee7463607182edf43a429d39fe4b2,51049,4,固收业务风险监控周报表,fixed_income_holding_risk_snapshot,4,"[""序号"",""债券类别"",""债券名称"",""发行人 (中央政府投资企业/其他企业)"",""UNLABELED_COLUMN_E"",""单户集中度"",""占固收总投资比例"",""投资期限 (信用债久期不超过10年)"",""UNLABELED_COLUMN_I"",""总投资额(元)"",""#NAME?""]",55,11,18,rows_after_header_with_bond_name,85c000697e995c63,779eb07983c7ce21,UNCHANGED,
2026-02-13,投资业务台账（20260213）.xlsx,38ba0a32aadeadcea1ebfb370a199441300ee7463607182edf43a429d39fe4b2,51049,5,投资风险限额监控表,investment_limit_snapshot,3|4,"[""投资业务类型"",""投资品种"",""仓位(成本)"",""风险限额 / 风控比例/金额"",""实际比例/金额"",""限额状态(●/●)"",""备注""]",12,7,8,rows_after_two_level_header_with_business_or_product_type,0a322870f118053c,779eb07983c7ce21,UNCHANGED,
2026-02-27,投资业务台账（20260227）.xlsx,ff197904de031ada69e22c766d1a8425837f1ba540cba6cf2ea0e65e0d915d76,51030,1,投资项目每周简报,product_position_snapshot,1,"[""证券代码"",""证券名称"",""投资分类I级"",""投资分类II级"",""区域"",""分支机构"",""持仓数量"",""投资金额"",""本年度投资收益"",""当前市值"",""浮动盈亏"",""现价"",""成本单价"",""本年已实现盈亏"",""细分项目"",""项目负责人""]",31,16,20,rows_after_header_with_security_code_and_name,9a8dd4162136b2ee,779eb07983c7ce21,UNCHANGED,
2026-02-27,投资业务台账（20260227）.xlsx,ff197904de031ada69e22c766d1a8425837f1ba540cba6cf2ea0e65e0d915d76,51030,2,风险监控指标,portfolio_risk_indicator_definition,1|2,"[""指标"",""定义"",""计算公式"",""阈值 / 红"",""黄"",""绿"",""统计周期"",""对应战略焦点行动 / (总经理部关注风险需填)"",""备注""]",3,9,1,rows_after_two_level_header_with_indicator_name,491249abe3857aa8,779eb07983c7ce21,UNCHANGED,
2026-02-27,投资业务台账（20260227）.xlsx,ff197904de031ada69e22c766d1a8425837f1ba540cba6cf2ea0e65e0d915d76,51030,3,债券投资交易风险监控周报表,bond_trade_risk_snapshot,3,"[""序号"",""债券类别"",""债券名称"",""面值"",""买入净价"",""当前净价"",""已收利息"",""累计收益率"",""止损"",""UNLABELED_COLUMN_J""]",18,10,1,rows_after_header_with_bond_name_excluding_repeated_header,4aac8ae76afd748e,779eb07983c7ce21,UNCHANGED,
2026-02-27,投资业务台账（20260227）.xlsx,ff197904de031ada69e22c766d1a8425837f1ba540cba6cf2ea0e65e0d915d76,51030,4,固收业务风险监控周报表,fixed_income_holding_risk_snapshot,4,"[""序号"",""债券类别"",""债券名称"",""发行人 (中央政府投资企业/其他企业)"",""UNLABELED_COLUMN_E"",""单户集中度"",""占固收总投资比例"",""投资期限 (信用债久期不超过10年)"",""UNLABELED_COLUMN_I"",""总投资额(元)"",""#NAME?""]",55,11,18,rows_after_header_with_bond_name,85c000697e995c63,779eb07983c7ce21,UNCHANGED,
2026-02-27,投资业务台账（20260227）.xlsx,ff197904de031ada69e22c766d1a8425837f1ba540cba6cf2ea0e65e0d915d76,51030,5,投资风险限额监控表,investment_limit_snapshot,3|4,"[""投资业务类型"",""投资品种"",""仓位(成本)"",""风险限额 / 风控比例/金额"",""实际比例/金额"",""限额状态(●/●)"",""备注""]",12,7,8,rows_after_two_level_header_with_business_or_product_type,0a322870f118053c,779eb07983c7ce21,UNCHANGED,
2026-03-06,投资业务台账（20260306）.xlsx,d93b7279adcdf9dada57baad00a9c5eee2405602334192854f73a7b608ce1f3a,51134,1,投资项目每周简报,product_position_snapshot,1,"[""证券代码"",""证券名称"",""投资分类I级"",""投资分类II级"",""区域"",""分支机构"",""持仓数量"",""投资金额"",""本年度投资收益"",""当前市值"",""浮动盈亏"",""现价"",""成本单价"",""本年已实现盈亏"",""细分项目"",""项目负责人""]",31,16,20,rows_after_header_with_security_code_and_name,9a8dd4162136b2ee,779eb07983c7ce21,UNCHANGED,
2026-03-06,投资业务台账（20260306）.xlsx,d93b7279adcdf9dada57baad00a9c5eee2405602334192854f73a7b608ce1f3a,51134,2,风险监控指标,portfolio_risk_indicator_definition,1|2,"[""指标"",""定义"",""计算公式"",""阈值 / 红"",""黄"",""绿"",""统计周期"",""对应战略焦点行动 / (总经理部关注风险需填)"",""备注""]",3,9,1,rows_after_two_level_header_with_indicator_name,491249abe3857aa8,779eb07983c7ce21,UNCHANGED,
2026-03-06,投资业务台账（20260306）.xlsx,d93b7279adcdf9dada57baad00a9c5eee2405602334192854f73a7b608ce1f3a,51134,3,债券投资交易风险监控周报表,bond_trade_risk_snapshot,3,"[""序号"",""债券类别"",""债券名称"",""面值"",""买入净价"",""当前净价"",""已收利息"",""累计收益率"",""止损"",""UNLABELED_COLUMN_J""]",18,10,1,rows_after_header_with_bond_name_excluding_repeated_header,4aac8ae76afd748e,779eb07983c7ce21,UNCHANGED,
2026-03-06,投资业务台账（20260306）.xlsx,d93b7279adcdf9dada57baad00a9c5eee2405602334192854f73a7b608ce1f3a,51134,4,固收业务风险监控周报表,fixed_income_holding_risk_snapshot,4,"[""序号"",""债券类别"",""债券名称"",""发行人 (中央政府投资企业/其他企业)"",""UNLABELED_COLUMN_E"",""单户集中度"",""占固收总投资比例"",""投资期限 (信用债久期不超过10年)"",""UNLABELED_COLUMN_I"",""总投资额(元)"",""#NAME?""]",55,11,18,rows_after_header_with_bond_name,85c000697e995c63,779eb07983c7ce21,UNCHANGED,
2026-03-06,投资业务台账（20260306）.xlsx,d93b7279adcdf9dada57baad00a9c5eee2405602334192854f73a7b608ce1f3a,51134,5,投资风险限额监控表,investment_limit_snapshot,3|4,"[""投资业务类型"",""投资品种"",""仓位(成本)"",""风险限额 / 风控比例/金额"",""实际比例/金额"",""限额状态(●/●)"",""备注""]",12,7,8,rows_after_two_level_header_with_business_or_product_type,0a322870f118053c,779eb07983c7ce21,UNCHANGED,
2026-03-13,投资业务台账（20260313）.xlsx,c776f61ae22fb13fd69e8a6d4818d3e934f6d84c1997c03c115fc0b6838f9159,51037,1,投资项目每周简报,product_position_snapshot,1,"[""证券代码"",""证券名称"",""投资分类I级"",""投资分类II级"",""区域"",""分支机构"",""持仓数量"",""投资金额"",""本年度投资收益"",""当前市值"",""浮动盈亏"",""现价"",""成本单价"",""本年已实现盈亏"",""细分项目"",""项目负责人""]",31,16,20,rows_after_header_with_security_code_and_name,9a8dd4162136b2ee,779eb07983c7ce21,UNCHANGED,
2026-03-13,投资业务台账（20260313）.xlsx,c776f61ae22fb13fd69e8a6d4818d3e934f6d84c1997c03c115fc0b6838f9159,51037,2,风险监控指标,portfolio_risk_indicator_definition,1|2,"[""指标"",""定义"",""计算公式"",""阈值 / 红"",""黄"",""绿"",""统计周期"",""对应战略焦点行动 / (总经理部关注风险需填)"",""备注""]",3,9,1,rows_after_two_level_header_with_indicator_name,491249abe3857aa8,779eb07983c7ce21,UNCHANGED,
2026-03-13,投资业务台账（20260313）.xlsx,c776f61ae22fb13fd69e8a6d4818d3e934f6d84c1997c03c115fc0b6838f9159,51037,3,债券投资交易风险监控周报表,bond_trade_risk_snapshot,3,"[""序号"",""债券类别"",""债券名称"",""面值"",""买入净价"",""当前净价"",""已收利息"",""累计收益率"",""止损"",""UNLABELED_COLUMN_J""]",18,10,1,rows_after_header_with_bond_name_excluding_repeated_header,4aac8ae76afd748e,779eb07983c7ce21,UNCHANGED,
2026-03-13,投资业务台账（20260313）.xlsx,c776f61ae22fb13fd69e8a6d4818d3e934f6d84c1997c03c115fc0b6838f9159,51037,4,固收业务风险监控周报表,fixed_income_holding_risk_snapshot,4,"[""序号"",""债券类别"",""债券名称"",""发行人 (中央政府投资企业/其他企业)"",""UNLABELED_COLUMN_E"",""单户集中度"",""占固收总投资比例"",""投资期限 (信用债久期不超过10年)"",""UNLABELED_COLUMN_I"",""总投资额(元)"",""#NAME?""]",55,11,18,rows_after_header_with_bond_name,85c000697e995c63,779eb07983c7ce21,UNCHANGED,
2026-03-13,投资业务台账（20260313）.xlsx,c776f61ae22fb13fd69e8a6d4818d3e934f6d84c1997c03c115fc0b6838f9159,51037,5,投资风险限额监控表,investment_limit_snapshot,3|4,"[""投资业务类型"",""投资品种"",""仓位(成本)"",""风险限额 / 风控比例/金额"",""实际比例/金额"",""限额状态(●/●)"",""备注""]",12,7,8,rows_after_two_level_header_with_business_or_product_type,0a322870f118053c,779eb07983c7ce21,UNCHANGED,
2026-03-20,投资业务台账（20260320）.xlsx,24cac9998691d150ef788b10cba944c9c95c928cc52d6896c45468b12d497d98,50964,1,投资项目每周简报,product_position_snapshot,1,"[""证券代码"",""证券名称"",""投资分类I级"",""投资分类II级"",""区域"",""分支机构"",""持仓数量"",""投资金额"",""本年度投资收益"",""当前市值"",""浮动盈亏"",""现价"",""成本单价"",""本年已实现盈亏"",""细分项目"",""项目负责人""]",31,16,20,rows_after_header_with_security_code_and_name,9a8dd4162136b2ee,779eb07983c7ce21,UNCHANGED,
2026-03-20,投资业务台账（20260320）.xlsx,24cac9998691d150ef788b10cba944c9c95c928cc52d6896c45468b12d497d98,50964,2,风险监控指标,portfolio_risk_indicator_definition,1|2,"[""指标"",""定义"",""计算公式"",""阈值 / 红"",""黄"",""绿"",""统计周期"",""对应战略焦点行动 / (总经理部关注风险需填)"",""备注""]",3,9,1,rows_after_two_level_header_with_indicator_name,491249abe3857aa8,779eb07983c7ce21,UNCHANGED,
2026-03-20,投资业务台账（20260320）.xlsx,24cac9998691d150ef788b10cba944c9c95c928cc52d6896c45468b12d497d98,50964,3,债券投资交易风险监控周报表,bond_trade_risk_snapshot,3,"[""序号"",""债券类别"",""债券名称"",""面值"",""买入净价"",""当前净价"",""已收利息"",""累计收益率"",""止损"",""UNLABELED_COLUMN_J""]",18,10,1,rows_after_header_with_bond_name_excluding_repeated_header,4aac8ae76afd748e,779eb07983c7ce21,UNCHANGED,
2026-03-20,投资业务台账（20260320）.xlsx,24cac9998691d150ef788b10cba944c9c95c928cc52d6896c45468b12d497d98,50964,4,固收业务风险监控周报表,fixed_income_holding_risk_snapshot,4,"[""序号"",""债券类别"",""债券名称"",""发行人 (中央政府投资企业/其他企业)"",""UNLABELED_COLUMN_E"",""单户集中度"",""占固收总投资比例"",""投资期限 (信用债久期不超过10年)"",""UNLABELED_COLUMN_I"",""总投资额(元)"",""#NAME?""]",55,11,18,rows_after_header_with_bond_name,85c000697e995c63,779eb07983c7ce21,UNCHANGED,
2026-03-20,投资业务台账（20260320）.xlsx,24cac9998691d150ef788b10cba944c9c95c928cc52d6896c45468b12d497d98,50964,5,投资风险限额监控表,investment_limit_snapshot,3|4,"[""投资业务类型"",""投资品种"",""仓位(成本)"",""风险限额 / 风控比例/金额"",""实际比例/金额"",""限额状态(●/●)"",""备注""]",12,7,8,rows_after_two_level_header_with_business_or_product_type,0a322870f118053c,779eb07983c7ce21,UNCHANGED,
2026-03-27,投资业务台账（20260327）.xlsx,1f5d8b6cb3144ca5dceda62292a87d807d9c4a79d2403249b2dde4597a5788fa,51136,1,投资项目每周简报,product_position_snapshot,1,"[""证券代码"",""证券名称"",""投资分类I级"",""投资分类II级"",""区域"",""分支机构"",""持仓数量"",""投资金额"",""本年度投资收益"",""当前市值"",""浮动盈亏"",""现价"",""成本单价"",""本年已实现盈亏"",""细分项目"",""项目负责人""]",31,16,21,rows_after_header_with_security_code_and_name,9a8dd4162136b2ee,779eb07983c7ce21,UNCHANGED,
2026-03-27,投资业务台账（20260327）.xlsx,1f5d8b6cb3144ca5dceda62292a87d807d9c4a79d2403249b2dde4597a5788fa,51136,2,风险监控指标,portfolio_risk_indicator_definition,1|2,"[""指标"",""定义"",""计算公式"",""阈值 / 红"",""黄"",""绿"",""统计周期"",""对应战略焦点行动 / (总经理部关注风险需填)"",""备注""]",3,9,1,rows_after_two_level_header_with_indicator_name,491249abe3857aa8,779eb07983c7ce21,UNCHANGED,
2026-03-27,投资业务台账（20260327）.xlsx,1f5d8b6cb3144ca5dceda62292a87d807d9c4a79d2403249b2dde4597a5788fa,51136,3,债券投资交易风险监控周报表,bond_trade_risk_snapshot,3,"[""序号"",""债券类别"",""债券名称"",""面值"",""买入净价"",""当前净价"",""已收利息"",""累计收益率"",""止损"",""UNLABELED_COLUMN_J""]",18,10,1,rows_after_header_with_bond_name_excluding_repeated_header,4aac8ae76afd748e,779eb07983c7ce21,UNCHANGED,
2026-03-27,投资业务台账（20260327）.xlsx,1f5d8b6cb3144ca5dceda62292a87d807d9c4a79d2403249b2dde4597a5788fa,51136,4,固收业务风险监控周报表,fixed_income_holding_risk_snapshot,4,"[""序号"",""债券类别"",""债券名称"",""发行人 (中央政府投资企业/其他企业)"",""UNLABELED_COLUMN_E"",""单户集中度"",""占固收总投资比例"",""投资期限 (信用债久期不超过10年)"",""UNLABELED_COLUMN_I"",""总投资额(元)"",""#NAME?""]",55,11,19,rows_after_header_with_bond_name,85c000697e995c63,779eb07983c7ce21,UNCHANGED,
2026-03-27,投资业务台账（20260327）.xlsx,1f5d8b6cb3144ca5dceda62292a87d807d9c4a79d2403249b2dde4597a5788fa,51136,5,投资风险限额监控表,investment_limit_snapshot,3|4,"[""投资业务类型"",""投资品种"",""仓位(成本)"",""风险限额 / 风控比例/金额"",""实际比例/金额"",""限额状态(●/●)"",""备注""]",12,7,8,rows_after_two_level_header_with_business_or_product_type,0a322870f118053c,779eb07983c7ce21,UNCHANGED,
2026-03-31,投资业务台账（20260331）.xlsx,5b67c6d526e91b631d1ddb5b1ce520665822c66d8c93789b22a3b8392842d197,50815,1,投资项目每周简报,product_position_snapshot,1,"[""证券代码"",""证券名称"",""投资分类I级"",""投资分类II级"",""区域"",""分支机构"",""持仓数量"",""投资金额"",""本年度投资收益"",""当前市值"",""浮动盈亏"",""现价"",""成本单价"",""本年已实现盈亏"",""细分项目"",""项目负责人""]",31,16,21,rows_after_header_with_security_code_and_name,9a8dd4162136b2ee,779eb07983c7ce21,UNCHANGED,
2026-03-31,投资业务台账（20260331）.xlsx,5b67c6d526e91b631d1ddb5b1ce520665822c66d8c93789b22a3b8392842d197,50815,2,风险监控指标,portfolio_risk_indicator_definition,1|2,"[""指标"",""定义"",""计算公式"",""阈值 / 红"",""黄"",""绿"",""统计周期"",""对应战略焦点行动 / (总经理部关注风险需填)"",""备注""]",3,9,1,rows_after_two_level_header_with_indicator_name,491249abe3857aa8,779eb07983c7ce21,UNCHANGED,
2026-03-31,投资业务台账（20260331）.xlsx,5b67c6d526e91b631d1ddb5b1ce520665822c66d8c93789b22a3b8392842d197,50815,3,债券投资交易风险监控周报表,bond_trade_risk_snapshot,3,"[""序号"",""债券类别"",""债券名称"",""面值"",""买入净价"",""当前净价"",""已收利息"",""累计收益率"",""止损"",""UNLABELED_COLUMN_J""]",18,10,1,rows_after_header_with_bond_name_excluding_repeated_header,4aac8ae76afd748e,779eb07983c7ce21,UNCHANGED,
2026-03-31,投资业务台账（20260331）.xlsx,5b67c6d526e91b631d1ddb5b1ce520665822c66d8c93789b22a3b8392842d197,50815,4,固收业务风险监控周报表,fixed_income_holding_risk_snapshot,4,"[""序号"",""债券类别"",""债券名称"",""发行人 (中央政府投资企业/其他企业)"",""UNLABELED_COLUMN_E"",""单户集中度"",""占固收总投资比例"",""投资期限 (信用债久期不超过10年)"",""UNLABELED_COLUMN_I"",""总投资额(元)"",""#NAME?""]",55,11,18,rows_after_header_with_bond_name,85c000697e995c63,779eb07983c7ce21,UNCHANGED,
2026-03-31,投资业务台账（20260331）.xlsx,5b67c6d526e91b631d1ddb5b1ce520665822c66d8c93789b22a3b8392842d197,50815,5,投资风险限额监控表,investment_limit_snapshot,3|4,"[""投资业务类型"",""投资品种"",""仓位(成本)"",""风险限额 / 风控比例/金额"",""实际比例/金额"",""限额状态(●/●)"",""备注""]",10,7,6,rows_after_two_level_header_with_business_or_product_type,0a322870f118053c,779eb07983c7ce21,UNCHANGED,
2026-04-03,投资业务台账（20260403）.xlsx,75beafc90df0777d7c9114ce8fbbd970d18e96b99f0b516f251805cdcd477d85,50880,1,投资项目每周简报,product_position_snapshot,1,"[""证券代码"",""证券名称"",""投资分类I级"",""投资分类II级"",""区域"",""分支机构"",""持仓数量"",""投资金额"",""本年度投资收益"",""当前市值"",""浮动盈亏"",""现价"",""成本单价"",""本年已实现盈亏"",""细分项目"",""项目负责人""]",31,16,21,rows_after_header_with_security_code_and_name,9a8dd4162136b2ee,779eb07983c7ce21,UNCHANGED,
2026-04-03,投资业务台账（20260403）.xlsx,75beafc90df0777d7c9114ce8fbbd970d18e96b99f0b516f251805cdcd477d85,50880,2,风险监控指标,portfolio_risk_indicator_definition,1|2,"[""指标"",""定义"",""计算公式"",""阈值 / 红"",""黄"",""绿"",""统计周期"",""对应战略焦点行动 / (总经理部关注风险需填)"",""备注""]",3,9,1,rows_after_two_level_header_with_indicator_name,491249abe3857aa8,779eb07983c7ce21,UNCHANGED,
2026-04-03,投资业务台账（20260403）.xlsx,75beafc90df0777d7c9114ce8fbbd970d18e96b99f0b516f251805cdcd477d85,50880,3,债券投资交易风险监控周报表,bond_trade_risk_snapshot,3,"[""序号"",""债券类别"",""债券名称"",""面值"",""买入净价"",""当前净价"",""已收利息"",""累计收益率"",""止损"",""UNLABELED_COLUMN_J""]",18,10,1,rows_after_header_with_bond_name_excluding_repeated_header,4aac8ae76afd748e,779eb07983c7ce21,UNCHANGED,
2026-04-03,投资业务台账（20260403）.xlsx,75beafc90df0777d7c9114ce8fbbd970d18e96b99f0b516f251805cdcd477d85,50880,4,固收业务风险监控周报表,fixed_income_holding_risk_snapshot,4,"[""序号"",""债券类别"",""债券名称"",""发行人 (中央政府投资企业/其他企业)"",""UNLABELED_COLUMN_E"",""单户集中度"",""占固收总投资比例"",""投资期限 (信用债久期不超过10年)"",""UNLABELED_COLUMN_I"",""总投资额(元)"",""#NAME?""]",55,11,18,rows_after_header_with_bond_name,85c000697e995c63,779eb07983c7ce21,UNCHANGED,
2026-04-03,投资业务台账（20260403）.xlsx,75beafc90df0777d7c9114ce8fbbd970d18e96b99f0b516f251805cdcd477d85,50880,5,投资风险限额监控表,investment_limit_snapshot,3|4,"[""投资业务类型"",""投资品种"",""仓位(成本)"",""风险限额 / 风控比例/金额"",""实际比例/金额"",""限额状态(●/●)"",""备注""]",10,7,6,rows_after_two_level_header_with_business_or_product_type,0a322870f118053c,779eb07983c7ce21,UNCHANGED,
2026-04-10,投资业务台账（20260410）.xlsx,ce2e580cbc5305e52248653f14f304c79c91f3de13c01417dfb3c004d062b8ed,50490,1,投资项目每周简报,product_position_snapshot,1,"[""证券代码"",""证券名称"",""投资分类I级"",""投资分类II级"",""区域"",""分支机构"",""持仓数量"",""投资金额"",""本年度投资收益"",""当前市值"",""浮动盈亏"",""现价"",""成本单价"",""本年已实现盈亏"",""细分项目"",""项目负责人""]",31,16,21,rows_after_header_with_security_code_and_name,9a8dd4162136b2ee,779eb07983c7ce21,UNCHANGED,
2026-04-10,投资业务台账（20260410）.xlsx,ce2e580cbc5305e52248653f14f304c79c91f3de13c01417dfb3c004d062b8ed,50490,2,风险监控指标,portfolio_risk_indicator_definition,1|2,"[""指标"",""定义"",""计算公式"",""阈值 / 红"",""黄"",""绿"",""统计周期"",""对应战略焦点行动 / (总经理部关注风险需填)"",""备注""]",3,9,1,rows_after_two_level_header_with_indicator_name,491249abe3857aa8,779eb07983c7ce21,UNCHANGED,
2026-04-10,投资业务台账（20260410）.xlsx,ce2e580cbc5305e52248653f14f304c79c91f3de13c01417dfb3c004d062b8ed,50490,3,债券投资交易风险监控周报表,bond_trade_risk_snapshot,3,"[""序号"",""债券类别"",""债券名称"",""面值"",""买入净价"",""当前净价"",""已收利息"",""累计收益率"",""止损"",""UNLABELED_COLUMN_J""]",18,10,1,rows_after_header_with_bond_name_excluding_repeated_header,4aac8ae76afd748e,779eb07983c7ce21,UNCHANGED,
2026-04-10,投资业务台账（20260410）.xlsx,ce2e580cbc5305e52248653f14f304c79c91f3de13c01417dfb3c004d062b8ed,50490,4,固收业务风险监控周报表,fixed_income_holding_risk_snapshot,4,"[""序号"",""债券类别"",""债券名称"",""发行人 (中央政府投资企业/其他企业)"",""UNLABELED_COLUMN_E"",""单户集中度"",""占固收总投资比例"",""投资期限 (信用债久期不超过10年)"",""UNLABELED_COLUMN_I"",""总投资额(元)"",""#NAME?""]",55,11,18,rows_after_header_with_bond_name,85c000697e995c63,779eb07983c7ce21,UNCHANGED,
2026-04-10,投资业务台账（20260410）.xlsx,ce2e580cbc5305e52248653f14f304c79c91f3de13c01417dfb3c004d062b8ed,50490,5,投资风险限额监控表,investment_limit_snapshot,3|4,"[""投资业务类型"",""投资品种"",""仓位(成本)"",""风险限额 / 风控比例/金额"",""实际比例/金额"",""限额状态(●/●)"",""备注""]",10,7,6,rows_after_two_level_header_with_business_or_product_type,0a322870f118053c,779eb07983c7ce21,UNCHANGED,
2026-04-17,投资业务台账（20260417）.xlsx,f8d91f5594ab883dc523954eb5ddebe12c7daee507443455a7451f23fa5f5ead,50312,1,投资项目每周简报,product_position_snapshot,1,"[""证券代码"",""证券名称"",""投资分类I级"",""投资分类II级"",""区域"",""分支机构"",""持仓数量"",""投资金额"",""本年度投资收益"",""当前市值"",""浮动盈亏"",""现价"",""成本单价"",""本年已实现盈亏"",""细分项目"",""项目负责人""]",31,16,21,rows_after_header_with_security_code_and_name,9a8dd4162136b2ee,779eb07983c7ce21,UNCHANGED,
2026-04-17,投资业务台账（20260417）.xlsx,f8d91f5594ab883dc523954eb5ddebe12c7daee507443455a7451f23fa5f5ead,50312,2,风险监控指标,portfolio_risk_indicator_definition,1|2,"[""指标"",""定义"",""计算公式"",""阈值 / 红"",""黄"",""绿"",""统计周期"",""对应战略焦点行动 / (总经理部关注风险需填)"",""备注""]",3,9,1,rows_after_two_level_header_with_indicator_name,491249abe3857aa8,779eb07983c7ce21,UNCHANGED,
2026-04-17,投资业务台账（20260417）.xlsx,f8d91f5594ab883dc523954eb5ddebe12c7daee507443455a7451f23fa5f5ead,50312,3,债券投资交易风险监控周报表,bond_trade_risk_snapshot,3,"[""序号"",""债券类别"",""债券名称"",""面值"",""买入净价"",""当前净价"",""已收利息"",""累计收益率"",""止损"",""UNLABELED_COLUMN_J""]",18,10,1,rows_after_header_with_bond_name_excluding_repeated_header,4aac8ae76afd748e,779eb07983c7ce21,UNCHANGED,
2026-04-17,投资业务台账（20260417）.xlsx,f8d91f5594ab883dc523954eb5ddebe12c7daee507443455a7451f23fa5f5ead,50312,4,固收业务风险监控周报表,fixed_income_holding_risk_snapshot,4,"[""序号"",""债券类别"",""债券名称"",""发行人 (中央政府投资企业/其他企业)"",""UNLABELED_COLUMN_E"",""单户集中度"",""占固收总投资比例"",""投资期限 (信用债久期不超过10年)"",""UNLABELED_COLUMN_I"",""总投资额(元)"",""#NAME?""]",55,11,18,rows_after_header_with_bond_name,85c000697e995c63,779eb07983c7ce21,UNCHANGED,
2026-04-17,投资业务台账（20260417）.xlsx,f8d91f5594ab883dc523954eb5ddebe12c7daee507443455a7451f23fa5f5ead,50312,5,投资风险限额监控表,investment_limit_snapshot,3|4,"[""投资业务类型"",""投资品种"",""仓位(成本)"",""风险限额 / 风控比例/金额"",""实际比例/金额"",""限额状态(●/●)"",""备注""]",10,7,6,rows_after_two_level_header_with_business_or_product_type,0a322870f118053c,779eb07983c7ce21,UNCHANGED,
2026-04-24,投资业务台账（20260424）.xlsx,d9025496d374ccd2e0445fe0b9653baff899c7cde606648e1c52689819fabfea,50287,1,投资项目每周简报,product_position_snapshot,1,"[""证券代码"",""证券名称"",""投资分类I级"",""投资分类II级"",""区域"",""分支机构"",""持仓数量"",""投资金额"",""本年度投资收益"",""当前市值"",""浮动盈亏"",""现价"",""成本单价"",""本年已实现盈亏"",""细分项目"",""项目负责人""]",31,16,21,rows_after_header_with_security_code_and_name,9a8dd4162136b2ee,779eb07983c7ce21,UNCHANGED,
2026-04-24,投资业务台账（20260424）.xlsx,d9025496d374ccd2e0445fe0b9653baff899c7cde606648e1c52689819fabfea,50287,2,风险监控指标,portfolio_risk_indicator_definition,1|2,"[""指标"",""定义"",""计算公式"",""阈值 / 红"",""黄"",""绿"",""统计周期"",""对应战略焦点行动 / (总经理部关注风险需填)"",""备注""]",3,9,1,rows_after_two_level_header_with_indicator_name,491249abe3857aa8,779eb07983c7ce21,UNCHANGED,
2026-04-24,投资业务台账（20260424）.xlsx,d9025496d374ccd2e0445fe0b9653baff899c7cde606648e1c52689819fabfea,50287,3,债券投资交易风险监控周报表,bond_trade_risk_snapshot,3,"[""序号"",""债券类别"",""债券名称"",""面值"",""买入净价"",""当前净价"",""已收利息"",""累计收益率"",""止损"",""UNLABELED_COLUMN_J""]",18,10,1,rows_after_header_with_bond_name_excluding_repeated_header,4aac8ae76afd748e,779eb07983c7ce21,UNCHANGED,
2026-04-24,投资业务台账（20260424）.xlsx,d9025496d374ccd2e0445fe0b9653baff899c7cde606648e1c52689819fabfea,50287,4,固收业务风险监控周报表,fixed_income_holding_risk_snapshot,4,"[""序号"",""债券类别"",""债券名称"",""发行人 (中央政府投资企业/其他企业)"",""UNLABELED_COLUMN_E"",""单户集中度"",""占固收总投资比例"",""投资期限 (信用债久期不超过10年)"",""UNLABELED_COLUMN_I"",""总投资额(元)"",""#NAME?""]",55,11,18,rows_after_header_with_bond_name,85c000697e995c63,779eb07983c7ce21,UNCHANGED,
2026-04-24,投资业务台账（20260424）.xlsx,d9025496d374ccd2e0445fe0b9653baff899c7cde606648e1c52689819fabfea,50287,5,投资风险限额监控表,investment_limit_snapshot,3|4,"[""投资业务类型"",""投资品种"",""仓位(成本)"",""风险限额 / 风控比例/金额"",""实际比例/金额"",""限额状态(●/●)"",""备注""]",10,7,6,rows_after_two_level_header_with_business_or_product_type,0a322870f118053c,779eb07983c7ce21,UNCHANGED,
2026-04-30,投资业务台账（20260430）.xlsx,38954a02e0ad574700d6486c7ae3c81e6978e97eb60bb5b4c6754b8a02761a9b,50290,1,投资项目每周简报,product_position_snapshot,1,"[""证券代码"",""证券名称"",""投资分类I级"",""投资分类II级"",""区域"",""分支机构"",""持仓数量"",""投资金额"",""本年度投资收益"",""当前市值"",""浮动盈亏"",""现价"",""成本单价"",""本年已实现盈亏"",""细分项目"",""项目负责人""]",31,16,21,rows_after_header_with_security_code_and_name,9a8dd4162136b2ee,779eb07983c7ce21,UNCHANGED,
2026-04-30,投资业务台账（20260430）.xlsx,38954a02e0ad574700d6486c7ae3c81e6978e97eb60bb5b4c6754b8a02761a9b,50290,2,风险监控指标,portfolio_risk_indicator_definition,1|2,"[""指标"",""定义"",""计算公式"",""阈值 / 红"",""黄"",""绿"",""统计周期"",""对应战略焦点行动 / (总经理部关注风险需填)"",""备注""]",3,9,1,rows_after_two_level_header_with_indicator_name,491249abe3857aa8,779eb07983c7ce21,UNCHANGED,
2026-04-30,投资业务台账（20260430）.xlsx,38954a02e0ad574700d6486c7ae3c81e6978e97eb60bb5b4c6754b8a02761a9b,50290,3,债券投资交易风险监控周报表,bond_trade_risk_snapshot,3,"[""序号"",""债券类别"",""债券名称"",""面值"",""买入净价"",""当前净价"",""已收利息"",""累计收益率"",""止损"",""UNLABELED_COLUMN_J""]",18,10,1,rows_after_header_with_bond_name_excluding_repeated_header,4aac8ae76afd748e,779eb07983c7ce21,UNCHANGED,
2026-04-30,投资业务台账（20260430）.xlsx,38954a02e0ad574700d6486c7ae3c81e6978e97eb60bb5b4c6754b8a02761a9b,50290,4,固收业务风险监控周报表,fixed_income_holding_risk_snapshot,4,"[""序号"",""债券类别"",""债券名称"",""发行人 (中央政府投资企业/其他企业)"",""UNLABELED_COLUMN_E"",""单户集中度"",""占固收总投资比例"",""投资期限 (信用债久期不超过10年)"",""UNLABELED_COLUMN_I"",""总投资额(元)"",""#NAME?""]",55,11,18,rows_after_header_with_bond_name,85c000697e995c63,779eb07983c7ce21,UNCHANGED,
2026-04-30,投资业务台账（20260430）.xlsx,38954a02e0ad574700d6486c7ae3c81e6978e97eb60bb5b4c6754b8a02761a9b,50290,5,投资风险限额监控表,investment_limit_snapshot,3|4,"[""投资业务类型"",""投资品种"",""仓位(成本)"",""风险限额 / 风控比例/金额"",""实际比例/金额"",""限额状态(●/●)"",""备注""]",10,7,6,rows_after_two_level_header_with_business_or_product_type,0a322870f118053c,779eb07983c7ce21,UNCHANGED,
2026-05-08,投资业务台账（20260508）.xlsx,524b379e52aa3e7efadc3258c4fda2c38cd2b39f0f4288d2a1803d2358e66d2c,50507,1,投资项目每周简报,product_position_snapshot,1,"[""证券代码"",""证券名称"",""投资分类I级"",""投资分类II级"",""区域"",""分支机构"",""持仓数量"",""投资金额"",""本年度投资收益"",""当前市值"",""浮动盈亏"",""现价"",""成本单价"",""本年已实现盈亏"",""细分项目"",""项目负责人""]",31,16,21,rows_after_header_with_security_code_and_name,9a8dd4162136b2ee,779eb07983c7ce21,UNCHANGED,
2026-05-08,投资业务台账（20260508）.xlsx,524b379e52aa3e7efadc3258c4fda2c38cd2b39f0f4288d2a1803d2358e66d2c,50507,2,风险监控指标,portfolio_risk_indicator_definition,1|2,"[""指标"",""定义"",""计算公式"",""阈值 / 红"",""黄"",""绿"",""统计周期"",""对应战略焦点行动 / (总经理部关注风险需填)"",""备注""]",3,9,1,rows_after_two_level_header_with_indicator_name,491249abe3857aa8,779eb07983c7ce21,UNCHANGED,
2026-05-08,投资业务台账（20260508）.xlsx,524b379e52aa3e7efadc3258c4fda2c38cd2b39f0f4288d2a1803d2358e66d2c,50507,3,债券投资交易风险监控周报表,bond_trade_risk_snapshot,3,"[""序号"",""债券类别"",""债券名称"",""面值"",""买入净价"",""当前净价"",""已收利息"",""累计收益率"",""止损"",""UNLABELED_COLUMN_J""]",18,10,1,rows_after_header_with_bond_name_excluding_repeated_header,4aac8ae76afd748e,779eb07983c7ce21,UNCHANGED,
2026-05-08,投资业务台账（20260508）.xlsx,524b379e52aa3e7efadc3258c4fda2c38cd2b39f0f4288d2a1803d2358e66d2c,50507,4,固收业务风险监控周报表,fixed_income_holding_risk_snapshot,4,"[""序号"",""债券类别"",""债券名称"",""发行人 (中央政府投资企业/其他企业)"",""UNLABELED_COLUMN_E"",""单户集中度"",""占固收总投资比例"",""投资期限 (信用债久期不超过10年)"",""UNLABELED_COLUMN_I"",""总投资额(元)"",""#NAME?""]",55,11,18,rows_after_header_with_bond_name,85c000697e995c63,779eb07983c7ce21,UNCHANGED,
2026-05-08,投资业务台账（20260508）.xlsx,524b379e52aa3e7efadc3258c4fda2c38cd2b39f0f4288d2a1803d2358e66d2c,50507,5,投资风险限额监控表,investment_limit_snapshot,3|4,"[""投资业务类型"",""投资品种"",""仓位(成本)"",""风险限额 / 风控比例/金额"",""实际比例/金额"",""限额状态(●/●)"",""备注""]",10,7,6,rows_after_two_level_header_with_business_or_product_type,0a322870f118053c,779eb07983c7ce21,UNCHANGED,
2026-05-15,投资业务台账（20260515）.xlsx,a9df42873df42442e84c06422cea7619e6f91c84a88a09ee4c9454bf382ed0d0,50983,1,投资项目每周简报,product_position_snapshot,1,"[""证券代码"",""证券名称"",""投资分类I级"",""投资分类II级"",""区域"",""分支机构"",""持仓数量"",""投资金额"",""本年度投资收益"",""当前市值"",""浮动盈亏"",""现价"",""成本单价"",""本年已实现盈亏"",""细分项目"",""项目负责人""]",33,16,23,rows_after_header_with_security_code_and_name,9a8dd4162136b2ee,779eb07983c7ce21,UNCHANGED,
2026-05-15,投资业务台账（20260515）.xlsx,a9df42873df42442e84c06422cea7619e6f91c84a88a09ee4c9454bf382ed0d0,50983,2,风险监控指标,portfolio_risk_indicator_definition,1|2,"[""指标"",""定义"",""计算公式"",""阈值 / 红"",""黄"",""绿"",""统计周期"",""对应战略焦点行动 / (总经理部关注风险需填)"",""备注""]",3,9,1,rows_after_two_level_header_with_indicator_name,491249abe3857aa8,779eb07983c7ce21,UNCHANGED,
2026-05-15,投资业务台账（20260515）.xlsx,a9df42873df42442e84c06422cea7619e6f91c84a88a09ee4c9454bf382ed0d0,50983,3,债券投资交易风险监控周报表,bond_trade_risk_snapshot,3,"[""序号"",""债券类别"",""债券名称"",""面值"",""买入净价"",""当前净价"",""已收利息"",""累计收益率"",""止损"",""UNLABELED_COLUMN_J""]",18,10,1,rows_after_header_with_bond_name_excluding_repeated_header,4aac8ae76afd748e,779eb07983c7ce21,UNCHANGED,
2026-05-15,投资业务台账（20260515）.xlsx,a9df42873df42442e84c06422cea7619e6f91c84a88a09ee4c9454bf382ed0d0,50983,4,固收业务风险监控周报表,fixed_income_holding_risk_snapshot,4,"[""序号"",""债券类别"",""债券名称"",""发行人 (中央政府投资企业/其他企业)"",""UNLABELED_COLUMN_E"",""单户集中度"",""占固收总投资比例"",""投资期限 (信用债久期不超过10年)"",""UNLABELED_COLUMN_I"",""总投资额(元)"",""#NAME?""]",57,11,20,rows_after_header_with_bond_name,85c000697e995c63,779eb07983c7ce21,UNCHANGED,
2026-05-15,投资业务台账（20260515）.xlsx,a9df42873df42442e84c06422cea7619e6f91c84a88a09ee4c9454bf382ed0d0,50983,5,投资风险限额监控表,investment_limit_snapshot,3|4,"[""投资业务类型"",""投资品种"",""仓位(成本)"",""风险限额 / 风控比例/金额"",""实际比例/金额"",""限额状态(●/●)"",""备注""]",10,7,6,rows_after_two_level_header_with_business_or_product_type,0a322870f118053c,779eb07983c7ce21,UNCHANGED,
2026-05-22,投资业务台账（20260522）.xlsx,f94ad88f9fc3c20f231f0903106d309ab721d26a59d0a67acaa645769734bd4e,51444,1,投资项目每周简报,product_position_snapshot,1,"[""证券代码"",""证券名称"",""投资分类I级"",""投资分类II级"",""区域"",""分支机构"",""持仓数量"",""投资金额"",""本年度投资收益"",""当前市值"",""浮动盈亏"",""现价"",""成本单价"",""本年已实现盈亏"",""细分项目"",""项目负责人""]",35,16,25,rows_after_header_with_security_code_and_name,9a8dd4162136b2ee,779eb07983c7ce21,UNCHANGED,
2026-05-22,投资业务台账（20260522）.xlsx,f94ad88f9fc3c20f231f0903106d309ab721d26a59d0a67acaa645769734bd4e,51444,2,风险监控指标,portfolio_risk_indicator_definition,1|2,"[""指标"",""定义"",""计算公式"",""阈值 / 红"",""黄"",""绿"",""统计周期"",""对应战略焦点行动 / (总经理部关注风险需填)"",""备注""]",3,9,1,rows_after_two_level_header_with_indicator_name,491249abe3857aa8,779eb07983c7ce21,UNCHANGED,
2026-05-22,投资业务台账（20260522）.xlsx,f94ad88f9fc3c20f231f0903106d309ab721d26a59d0a67acaa645769734bd4e,51444,3,债券投资交易风险监控周报表,bond_trade_risk_snapshot,3,"[""序号"",""债券类别"",""债券名称"",""面值"",""买入净价"",""当前净价"",""已收利息"",""累计收益率"",""止损"",""UNLABELED_COLUMN_J""]",18,10,1,rows_after_header_with_bond_name_excluding_repeated_header,4aac8ae76afd748e,779eb07983c7ce21,UNCHANGED,
2026-05-22,投资业务台账（20260522）.xlsx,f94ad88f9fc3c20f231f0903106d309ab721d26a59d0a67acaa645769734bd4e,51444,4,固收业务风险监控周报表,fixed_income_holding_risk_snapshot,4,"[""序号"",""债券类别"",""债券名称"",""发行人 (中央政府投资企业/其他企业)"",""UNLABELED_COLUMN_E"",""单户集中度"",""占固收总投资比例"",""投资期限 (信用债久期不超过10年)"",""UNLABELED_COLUMN_I"",""总投资额(元)"",""#NAME?""]",59,11,22,rows_after_header_with_bond_name,85c000697e995c63,779eb07983c7ce21,UNCHANGED,
2026-05-22,投资业务台账（20260522）.xlsx,f94ad88f9fc3c20f231f0903106d309ab721d26a59d0a67acaa645769734bd4e,51444,5,投资风险限额监控表,investment_limit_snapshot,3|4,"[""投资业务类型"",""投资品种"",""仓位(成本)"",""风险限额 / 风控比例/金额"",""实际比例/金额"",""限额状态(●/●)"",""备注""]",10,7,6,rows_after_two_level_header_with_business_or_product_type,0a322870f118053c,779eb07983c7ce21,UNCHANGED,
2026-05-29,投资业务台账（20260529）.xlsx,85c0283c473e8604e270b6401b207434a5a140b6a720f6d2f8a74b5f1e44f0ec,51412,1,投资项目每周简报,product_position_snapshot,1,"[""证券代码"",""证券名称"",""投资分类I级"",""投资分类II级"",""区域"",""分支机构"",""持仓数量"",""投资金额"",""本年度投资收益"",""当前市值"",""浮动盈亏"",""现价"",""成本单价"",""本年已实现盈亏"",""细分项目"",""项目负责人""]",35,16,25,rows_after_header_with_security_code_and_name,9a8dd4162136b2ee,779eb07983c7ce21,UNCHANGED,
2026-05-29,投资业务台账（20260529）.xlsx,85c0283c473e8604e270b6401b207434a5a140b6a720f6d2f8a74b5f1e44f0ec,51412,2,风险监控指标,portfolio_risk_indicator_definition,1|2,"[""指标"",""定义"",""计算公式"",""阈值 / 红"",""黄"",""绿"",""统计周期"",""对应战略焦点行动 / (总经理部关注风险需填)"",""备注""]",3,9,1,rows_after_two_level_header_with_indicator_name,491249abe3857aa8,779eb07983c7ce21,UNCHANGED,
2026-05-29,投资业务台账（20260529）.xlsx,85c0283c473e8604e270b6401b207434a5a140b6a720f6d2f8a74b5f1e44f0ec,51412,3,债券投资交易风险监控周报表,bond_trade_risk_snapshot,3,"[""序号"",""债券类别"",""债券名称"",""面值"",""买入净价"",""当前净价"",""已收利息"",""累计收益率"",""止损"",""UNLABELED_COLUMN_J""]",18,10,1,rows_after_header_with_bond_name_excluding_repeated_header,4aac8ae76afd748e,779eb07983c7ce21,UNCHANGED,
2026-05-29,投资业务台账（20260529）.xlsx,85c0283c473e8604e270b6401b207434a5a140b6a720f6d2f8a74b5f1e44f0ec,51412,4,固收业务风险监控周报表,fixed_income_holding_risk_snapshot,4,"[""序号"",""债券类别"",""债券名称"",""发行人 (中央政府投资企业/其他企业)"",""UNLABELED_COLUMN_E"",""单户集中度"",""占固收总投资比例"",""投资期限 (信用债久期不超过10年)"",""UNLABELED_COLUMN_I"",""总投资额(元)"",""#NAME?""]",59,11,22,rows_after_header_with_bond_name,85c000697e995c63,779eb07983c7ce21,UNCHANGED,
2026-05-29,投资业务台账（20260529）.xlsx,85c0283c473e8604e270b6401b207434a5a140b6a720f6d2f8a74b5f1e44f0ec,51412,5,投资风险限额监控表,investment_limit_snapshot,3|4,"[""投资业务类型"",""投资品种"",""仓位(成本)"",""风险限额 / 风控比例/金额"",""实际比例/金额"",""限额状态(●/●)"",""备注""]",10,7,6,rows_after_two_level_header_with_business_or_product_type,0a322870f118053c,779eb07983c7ce21,UNCHANGED,
2026-06-05,投资业务台账（20260605）.xlsx,44a6bdb3399165d3f8784b6cb858cce17bf5cb5fdb7427005ec8c7ff1d69e90e,51527,1,投资项目每周简报,product_position_snapshot,1,"[""证券代码"",""证券名称"",""投资分类I级"",""投资分类II级"",""区域"",""分支机构"",""持仓数量"",""投资金额"",""本年度投资收益"",""当前市值"",""浮动盈亏"",""现价"",""成本单价"",""本年已实现盈亏"",""细分项目"",""项目负责人""]",35,16,25,rows_after_header_with_security_code_and_name,9a8dd4162136b2ee,779eb07983c7ce21,UNCHANGED,
2026-06-05,投资业务台账（20260605）.xlsx,44a6bdb3399165d3f8784b6cb858cce17bf5cb5fdb7427005ec8c7ff1d69e90e,51527,2,风险监控指标,portfolio_risk_indicator_definition,1|2,"[""指标"",""定义"",""计算公式"",""阈值 / 红"",""黄"",""绿"",""统计周期"",""对应战略焦点行动 / (总经理部关注风险需填)"",""备注""]",3,9,1,rows_after_two_level_header_with_indicator_name,491249abe3857aa8,779eb07983c7ce21,UNCHANGED,
2026-06-05,投资业务台账（20260605）.xlsx,44a6bdb3399165d3f8784b6cb858cce17bf5cb5fdb7427005ec8c7ff1d69e90e,51527,3,债券投资交易风险监控周报表,bond_trade_risk_snapshot,3,"[""序号"",""债券类别"",""债券名称"",""面值"",""买入净价"",""当前净价"",""已收利息"",""累计收益率"",""止损"",""UNLABELED_COLUMN_J""]",18,10,1,rows_after_header_with_bond_name_excluding_repeated_header,4aac8ae76afd748e,779eb07983c7ce21,UNCHANGED,
2026-06-05,投资业务台账（20260605）.xlsx,44a6bdb3399165d3f8784b6cb858cce17bf5cb5fdb7427005ec8c7ff1d69e90e,51527,4,固收业务风险监控周报表,fixed_income_holding_risk_snapshot,4,"[""序号"",""债券类别"",""债券名称"",""发行人 (中央政府投资企业/其他企业)"",""UNLABELED_COLUMN_E"",""单户集中度"",""占固收总投资比例"",""投资期限 (信用债久期不超过10年)"",""UNLABELED_COLUMN_I"",""总投资额(元)"",""#NAME?""]",59,11,22,rows_after_header_with_bond_name,85c000697e995c63,779eb07983c7ce21,UNCHANGED,
2026-06-05,投资业务台账（20260605）.xlsx,44a6bdb3399165d3f8784b6cb858cce17bf5cb5fdb7427005ec8c7ff1d69e90e,51527,5,投资风险限额监控表,investment_limit_snapshot,3|4,"[""投资业务类型"",""投资品种"",""仓位(成本)"",""风险限额 / 风控比例/金额"",""实际比例/金额"",""限额状态(●/●)"",""备注""]",10,7,6,rows_after_two_level_header_with_business_or_product_type,0a322870f118053c,779eb07983c7ce21,UNCHANGED,
2026-06-12,投资业务台账（20260612）.xlsx,4ac5dadf18b6904e48c17c368fb6cb91ea0dfc118df690a7fe856a0d0dcb5cbc,51556,1,投资项目每周简报,product_position_snapshot,1,"[""证券代码"",""证券名称"",""投资分类I级"",""投资分类II级"",""区域"",""分支机构"",""持仓数量"",""投资金额"",""本年度投资收益"",""当前市值"",""浮动盈亏"",""现价"",""成本单价"",""本年已实现盈亏"",""细分项目"",""项目负责人""]",36,16,26,rows_after_header_with_security_code_and_name,9a8dd4162136b2ee,779eb07983c7ce21,UNCHANGED,
2026-06-12,投资业务台账（20260612）.xlsx,4ac5dadf18b6904e48c17c368fb6cb91ea0dfc118df690a7fe856a0d0dcb5cbc,51556,2,风险监控指标,portfolio_risk_indicator_definition,1|2,"[""指标"",""定义"",""计算公式"",""阈值 / 红"",""黄"",""绿"",""统计周期"",""对应战略焦点行动 / (总经理部关注风险需填)"",""备注""]",3,9,1,rows_after_two_level_header_with_indicator_name,491249abe3857aa8,779eb07983c7ce21,UNCHANGED,
2026-06-12,投资业务台账（20260612）.xlsx,4ac5dadf18b6904e48c17c368fb6cb91ea0dfc118df690a7fe856a0d0dcb5cbc,51556,3,债券投资交易风险监控周报表,bond_trade_risk_snapshot,3,"[""序号"",""债券类别"",""债券名称"",""面值"",""买入净价"",""当前净价"",""已收利息"",""累计收益率"",""止损"",""UNLABELED_COLUMN_J""]",18,10,1,rows_after_header_with_bond_name_excluding_repeated_header,4aac8ae76afd748e,779eb07983c7ce21,UNCHANGED,
2026-06-12,投资业务台账（20260612）.xlsx,4ac5dadf18b6904e48c17c368fb6cb91ea0dfc118df690a7fe856a0d0dcb5cbc,51556,4,固收业务风险监控周报表,fixed_income_holding_risk_snapshot,4,"[""序号"",""债券类别"",""债券名称"",""发行人 (中央政府投资企业/其他企业)"",""UNLABELED_COLUMN_E"",""单户集中度"",""占固收总投资比例"",""投资期限 (信用债久期不超过10年)"",""UNLABELED_COLUMN_I"",""总投资额(元)"",""#NAME?""]",60,11,23,rows_after_header_with_bond_name,85c000697e995c63,779eb07983c7ce21,UNCHANGED,
2026-06-12,投资业务台账（20260612）.xlsx,4ac5dadf18b6904e48c17c368fb6cb91ea0dfc118df690a7fe856a0d0dcb5cbc,51556,5,投资风险限额监控表,investment_limit_snapshot,3|4,"[""投资业务类型"",""投资品种"",""仓位(成本)"",""风险限额 / 风控比例/金额"",""实际比例/金额"",""限额状态(●/●)"",""备注""]",10,7,6,rows_after_two_level_header_with_business_or_product_type,0a322870f118053c,779eb07983c7ce21,UNCHANGED,
2026-06-18,投资业务台账（20260618）.xlsx,dd3f1d800fa932fe7f17d425f8f6641a6fc324988b0b9056f59afc3da9c940bb,51666,1,投资项目每周简报,product_position_snapshot,1,"[""证券代码"",""证券名称"",""投资分类I级"",""投资分类II级"",""区域"",""分支机构"",""持仓数量"",""投资金额"",""本年度投资收益"",""当前市值"",""浮动盈亏"",""现价"",""成本单价"",""本年已实现盈亏"",""细分项目"",""项目负责人""]",36,16,26,rows_after_header_with_security_code_and_name,9a8dd4162136b2ee,779eb07983c7ce21,UNCHANGED,
2026-06-18,投资业务台账（20260618）.xlsx,dd3f1d800fa932fe7f17d425f8f6641a6fc324988b0b9056f59afc3da9c940bb,51666,2,风险监控指标,portfolio_risk_indicator_definition,1|2,"[""指标"",""定义"",""计算公式"",""阈值 / 红"",""黄"",""绿"",""统计周期"",""对应战略焦点行动 / (总经理部关注风险需填)"",""备注""]",3,9,1,rows_after_two_level_header_with_indicator_name,491249abe3857aa8,779eb07983c7ce21,UNCHANGED,
2026-06-18,投资业务台账（20260618）.xlsx,dd3f1d800fa932fe7f17d425f8f6641a6fc324988b0b9056f59afc3da9c940bb,51666,3,债券投资交易风险监控周报表,bond_trade_risk_snapshot,3,"[""序号"",""债券类别"",""债券名称"",""面值"",""买入净价"",""当前净价"",""已收利息"",""累计收益率"",""止损"",""UNLABELED_COLUMN_J""]",18,10,1,rows_after_header_with_bond_name_excluding_repeated_header,4aac8ae76afd748e,779eb07983c7ce21,UNCHANGED,
2026-06-18,投资业务台账（20260618）.xlsx,dd3f1d800fa932fe7f17d425f8f6641a6fc324988b0b9056f59afc3da9c940bb,51666,4,固收业务风险监控周报表,fixed_income_holding_risk_snapshot,4,"[""序号"",""债券类别"",""债券名称"",""发行人 (中央政府投资企业/其他企业)"",""UNLABELED_COLUMN_E"",""单户集中度"",""占固收总投资比例"",""投资期限 (信用债久期不超过10年)"",""UNLABELED_COLUMN_I"",""总投资额(元)"",""#NAME?""]",60,11,23,rows_after_header_with_bond_name,85c000697e995c63,779eb07983c7ce21,UNCHANGED,
2026-06-18,投资业务台账（20260618）.xlsx,dd3f1d800fa932fe7f17d425f8f6641a6fc324988b0b9056f59afc3da9c940bb,51666,5,投资风险限额监控表,investment_limit_snapshot,3|4,"[""投资业务类型"",""投资品种"",""仓位(成本)"",""风险限额 / 风控比例/金额"",""实际比例/金额"",""限额状态(●/●)"",""备注""]",10,7,6,rows_after_two_level_header_with_business_or_product_type,0a322870f118053c,779eb07983c7ce21,UNCHANGED,
2026-06-26,投资业务台账（20260626）.xlsx,f013b78b17d56e75d0e004fb523139b38e763ffa6a723051a65d6ed3cf0ba7bb,51741,1,投资项目每周简报,product_position_snapshot,1,"[""证券代码"",""证券名称"",""投资分类I级"",""投资分类II级"",""区域"",""分支机构"",""持仓数量"",""投资金额"",""本年度投资收益"",""当前市值"",""浮动盈亏"",""现价"",""成本单价"",""本年已实现盈亏"",""细分项目"",""项目负责人""]",36,16,26,rows_after_header_with_security_code_and_name,9a8dd4162136b2ee,779eb07983c7ce21,UNCHANGED,
2026-06-26,投资业务台账（20260626）.xlsx,f013b78b17d56e75d0e004fb523139b38e763ffa6a723051a65d6ed3cf0ba7bb,51741,2,风险监控指标,portfolio_risk_indicator_definition,1|2,"[""指标"",""定义"",""计算公式"",""阈值 / 红"",""黄"",""绿"",""统计周期"",""对应战略焦点行动 / (总经理部关注风险需填)"",""备注""]",3,9,1,rows_after_two_level_header_with_indicator_name,491249abe3857aa8,779eb07983c7ce21,UNCHANGED,
2026-06-26,投资业务台账（20260626）.xlsx,f013b78b17d56e75d0e004fb523139b38e763ffa6a723051a65d6ed3cf0ba7bb,51741,3,债券投资交易风险监控周报表,bond_trade_risk_snapshot,3,"[""序号"",""债券类别"",""债券名称"",""面值"",""买入净价"",""当前净价"",""已收利息"",""累计收益率"",""止损"",""UNLABELED_COLUMN_J""]",18,10,1,rows_after_header_with_bond_name_excluding_repeated_header,4aac8ae76afd748e,779eb07983c7ce21,UNCHANGED,
2026-06-26,投资业务台账（20260626）.xlsx,f013b78b17d56e75d0e004fb523139b38e763ffa6a723051a65d6ed3cf0ba7bb,51741,4,固收业务风险监控周报表,fixed_income_holding_risk_snapshot,4,"[""序号"",""债券类别"",""债券名称"",""发行人 (中央政府投资企业/其他企业)"",""UNLABELED_COLUMN_E"",""单户集中度"",""占固收总投资比例"",""投资期限 (信用债久期不超过10年)"",""UNLABELED_COLUMN_I"",""总投资额(元)"",""#NAME?""]",60,11,23,rows_after_header_with_bond_name,85c000697e995c63,779eb07983c7ce21,UNCHANGED,
2026-06-26,投资业务台账（20260626）.xlsx,f013b78b17d56e75d0e004fb523139b38e763ffa6a723051a65d6ed3cf0ba7bb,51741,5,投资风险限额监控表,investment_limit_snapshot,3|4,"[""投资业务类型"",""投资品种"",""仓位(成本)"",""风险限额 / 风控比例/金额"",""实际比例/金额"",""限额状态(●/●)"",""备注""]",10,7,6,rows_after_two_level_header_with_business_or_product_type,0a322870f118053c,779eb07983c7ce21,UNCHANGED,
2026-06-30,投资业务台账（20260630）.xlsx,d1b0816e9585b0fec878d859f325caca946ea5692ef3c116b895b509b87da519,51720,1,投资项目每周简报,product_position_snapshot,1,"[""证券代码"",""证券名称"",""投资分类I级"",""投资分类II级"",""区域"",""分支机构"",""持仓数量"",""投资金额"",""本年度投资收益"",""当前市值"",""浮动盈亏"",""现价"",""成本单价"",""本年已实现盈亏"",""细分项目"",""项目负责人""]",36,16,26,rows_after_header_with_security_code_and_name,9a8dd4162136b2ee,779eb07983c7ce21,UNCHANGED,
2026-06-30,投资业务台账（20260630）.xlsx,d1b0816e9585b0fec878d859f325caca946ea5692ef3c116b895b509b87da519,51720,2,风险监控指标,portfolio_risk_indicator_definition,1|2,"[""指标"",""定义"",""计算公式"",""阈值 / 红"",""黄"",""绿"",""统计周期"",""对应战略焦点行动 / (总经理部关注风险需填)"",""备注""]",3,9,1,rows_after_two_level_header_with_indicator_name,491249abe3857aa8,779eb07983c7ce21,UNCHANGED,
2026-06-30,投资业务台账（20260630）.xlsx,d1b0816e9585b0fec878d859f325caca946ea5692ef3c116b895b509b87da519,51720,3,债券投资交易风险监控周报表,bond_trade_risk_snapshot,3,"[""序号"",""债券类别"",""债券名称"",""面值"",""买入净价"",""当前净价"",""已收利息"",""累计收益率"",""止损"",""UNLABELED_COLUMN_J""]",18,10,1,rows_after_header_with_bond_name_excluding_repeated_header,4aac8ae76afd748e,779eb07983c7ce21,UNCHANGED,
2026-06-30,投资业务台账（20260630）.xlsx,d1b0816e9585b0fec878d859f325caca946ea5692ef3c116b895b509b87da519,51720,4,固收业务风险监控周报表,fixed_income_holding_risk_snapshot,4,"[""序号"",""债券类别"",""债券名称"",""发行人 (中央政府投资企业/其他企业)"",""UNLABELED_COLUMN_E"",""单户集中度"",""占固收总投资比例"",""投资期限 (信用债久期不超过10年)"",""UNLABELED_COLUMN_I"",""总投资额(元)"",""#NAME?""]",60,11,23,rows_after_header_with_bond_name,85c000697e995c63,779eb07983c7ce21,UNCHANGED,
2026-06-30,投资业务台账（20260630）.xlsx,d1b0816e9585b0fec878d859f325caca946ea5692ef3c116b895b509b87da519,51720,5,投资风险限额监控表,investment_limit_snapshot,3|4,"[""投资业务类型"",""投资品种"",""仓位(成本)"",""风险限额 / 风控比例/金额"",""实际比例/金额"",""限额状态(●/●)"",""备注""]",10,7,6,rows_after_two_level_header_with_business_or_product_type,0a322870f118053c,779eb07983c7ce21,UNCHANGED,
2026-07-03,投资业务台账（20260703）.xlsx,0c3c5bb682d908827f9f62e03bfe5e46cc00f9fe42c8bc392fd9e10421bb0f77,51711,1,投资项目每周简报,product_position_snapshot,1,"[""证券代码"",""证券名称"",""投资分类I级"",""投资分类II级"",""区域"",""分支机构"",""持仓数量"",""投资金额"",""本年度投资收益"",""当前市值"",""浮动盈亏"",""现价"",""成本单价"",""本年已实现盈亏"",""细分项目"",""项目负责人""]",36,16,26,rows_after_header_with_security_code_and_name,9a8dd4162136b2ee,779eb07983c7ce21,UNCHANGED,
2026-07-03,投资业务台账（20260703）.xlsx,0c3c5bb682d908827f9f62e03bfe5e46cc00f9fe42c8bc392fd9e10421bb0f77,51711,2,风险监控指标,portfolio_risk_indicator_definition,1|2,"[""指标"",""定义"",""计算公式"",""阈值 / 红"",""黄"",""绿"",""统计周期"",""对应战略焦点行动 / (总经理部关注风险需填)"",""备注""]",3,9,1,rows_after_two_level_header_with_indicator_name,491249abe3857aa8,779eb07983c7ce21,UNCHANGED,
2026-07-03,投资业务台账（20260703）.xlsx,0c3c5bb682d908827f9f62e03bfe5e46cc00f9fe42c8bc392fd9e10421bb0f77,51711,3,债券投资交易风险监控周报表,bond_trade_risk_snapshot,3,"[""序号"",""债券类别"",""债券名称"",""面值"",""买入净价"",""当前净价"",""已收利息"",""累计收益率"",""止损"",""UNLABELED_COLUMN_J""]",18,10,1,rows_after_header_with_bond_name_excluding_repeated_header,4aac8ae76afd748e,779eb07983c7ce21,UNCHANGED,
2026-07-03,投资业务台账（20260703）.xlsx,0c3c5bb682d908827f9f62e03bfe5e46cc00f9fe42c8bc392fd9e10421bb0f77,51711,4,固收业务风险监控周报表,fixed_income_holding_risk_snapshot,4,"[""序号"",""债券类别"",""债券名称"",""发行人 (中央政府投资企业/其他企业)"",""UNLABELED_COLUMN_E"",""单户集中度"",""占固收总投资比例"",""投资期限 (信用债久期不超过10年)"",""UNLABELED_COLUMN_I"",""总投资额(元)"",""#NAME?""]",60,11,23,rows_after_header_with_bond_name,85c000697e995c63,779eb07983c7ce21,UNCHANGED,
2026-07-03,投资业务台账（20260703）.xlsx,0c3c5bb682d908827f9f62e03bfe5e46cc00f9fe42c8bc392fd9e10421bb0f77,51711,5,投资风险限额监控表,investment_limit_snapshot,3|4,"[""投资业务类型"",""投资品种"",""仓位(成本)"",""风险限额 / 风控比例/金额"",""实际比例/金额"",""限额状态(●/●)"",""备注""]",10,7,6,rows_after_two_level_header_with_business_or_product_type,0a322870f118053c,779eb07983c7ce21,UNCHANGED,
2026-07-10,投资业务台账（20260710）.xlsx,52f54adbf60c4500c451bb033e475eb2e2b4c0649a5bed78e67a0521b85d686a,51629,1,投资项目每周简报,product_position_snapshot,1,"[""证券代码"",""证券名称"",""投资分类I级"",""投资分类II级"",""区域"",""分支机构"",""持仓数量"",""投资金额"",""本年度投资收益"",""当前市值"",""浮动盈亏"",""现价"",""成本单价"",""本年已实现盈亏"",""细分项目"",""项目负责人""]",36,16,26,rows_after_header_with_security_code_and_name,9a8dd4162136b2ee,779eb07983c7ce21,UNCHANGED,
2026-07-10,投资业务台账（20260710）.xlsx,52f54adbf60c4500c451bb033e475eb2e2b4c0649a5bed78e67a0521b85d686a,51629,2,风险监控指标,portfolio_risk_indicator_definition,1|2,"[""指标"",""定义"",""计算公式"",""阈值 / 红"",""黄"",""绿"",""统计周期"",""对应战略焦点行动 / (总经理部关注风险需填)"",""备注""]",3,9,1,rows_after_two_level_header_with_indicator_name,491249abe3857aa8,779eb07983c7ce21,UNCHANGED,
2026-07-10,投资业务台账（20260710）.xlsx,52f54adbf60c4500c451bb033e475eb2e2b4c0649a5bed78e67a0521b85d686a,51629,3,债券投资交易风险监控周报表,bond_trade_risk_snapshot,3,"[""序号"",""债券类别"",""债券名称"",""面值"",""买入净价"",""当前净价"",""已收利息"",""累计收益率"",""止损"",""UNLABELED_COLUMN_J""]",18,10,1,rows_after_header_with_bond_name_excluding_repeated_header,4aac8ae76afd748e,779eb07983c7ce21,UNCHANGED,
2026-07-10,投资业务台账（20260710）.xlsx,52f54adbf60c4500c451bb033e475eb2e2b4c0649a5bed78e67a0521b85d686a,51629,4,固收业务风险监控周报表,fixed_income_holding_risk_snapshot,4,"[""序号"",""债券类别"",""债券名称"",""发行人 (中央政府投资企业/其他企业)"",""UNLABELED_COLUMN_E"",""单户集中度"",""占固收总投资比例"",""投资期限 (信用债久期不超过10年)"",""UNLABELED_COLUMN_I"",""总投资额(元)"",""#NAME?""]",60,11,23,rows_after_header_with_bond_name,85c000697e995c63,779eb07983c7ce21,UNCHANGED,
2026-07-10,投资业务台账（20260710）.xlsx,52f54adbf60c4500c451bb033e475eb2e2b4c0649a5bed78e67a0521b85d686a,51629,5,投资风险限额监控表,investment_limit_snapshot,3|4,"[""投资业务类型"",""投资品种"",""仓位(成本)"",""风险限额 / 风控比例/金额"",""实际比例/金额"",""限额状态(●/●)"",""备注""]",10,7,6,rows_after_two_level_header_with_business_or_product_type,0a322870f118053c,779eb07983c7ce21,UNCHANGED,
2026-07-17,投资业务台账（20260717）.xlsx,ba69d8043eeae731eb66a087bca9cc605b899dd73c09d88ede8c14d80aed2a31,51731,1,投资项目每周简报,product_position_snapshot,1,"[""证券代码"",""证券名称"",""投资分类I级"",""投资分类II级"",""区域"",""分支机构"",""持仓数量"",""投资金额"",""本年度投资收益"",""当前市值"",""浮动盈亏"",""现价"",""成本单价"",""本年已实现盈亏"",""细分项目"",""项目负责人""]",36,16,26,rows_after_header_with_security_code_and_name,9a8dd4162136b2ee,779eb07983c7ce21,UNCHANGED,
2026-07-17,投资业务台账（20260717）.xlsx,ba69d8043eeae731eb66a087bca9cc605b899dd73c09d88ede8c14d80aed2a31,51731,2,风险监控指标,portfolio_risk_indicator_definition,1|2,"[""指标"",""定义"",""计算公式"",""阈值 / 红"",""黄"",""绿"",""统计周期"",""对应战略焦点行动 / (总经理部关注风险需填)"",""备注""]",3,9,1,rows_after_two_level_header_with_indicator_name,491249abe3857aa8,779eb07983c7ce21,UNCHANGED,
2026-07-17,投资业务台账（20260717）.xlsx,ba69d8043eeae731eb66a087bca9cc605b899dd73c09d88ede8c14d80aed2a31,51731,3,债券投资交易风险监控周报表,bond_trade_risk_snapshot,3,"[""序号"",""债券类别"",""债券名称"",""面值"",""买入净价"",""当前净价"",""已收利息"",""累计收益率"",""止损"",""UNLABELED_COLUMN_J""]",18,10,1,rows_after_header_with_bond_name_excluding_repeated_header,4aac8ae76afd748e,779eb07983c7ce21,UNCHANGED,
2026-07-17,投资业务台账（20260717）.xlsx,ba69d8043eeae731eb66a087bca9cc605b899dd73c09d88ede8c14d80aed2a31,51731,4,固收业务风险监控周报表,fixed_income_holding_risk_snapshot,4,"[""序号"",""债券类别"",""债券名称"",""发行人 (中央政府投资企业/其他企业)"",""UNLABELED_COLUMN_E"",""单户集中度"",""占固收总投资比例"",""投资期限 (信用债久期不超过10年)"",""UNLABELED_COLUMN_I"",""总投资额(元)"",""#NAME?""]",60,11,23,rows_after_header_with_bond_name,85c000697e995c63,779eb07983c7ce21,UNCHANGED,
2026-07-17,投资业务台账（20260717）.xlsx,ba69d8043eeae731eb66a087bca9cc605b899dd73c09d88ede8c14d80aed2a31,51731,5,投资风险限额监控表,investment_limit_snapshot,3|4,"[""投资业务类型"",""投资品种"",""仓位(成本)"",""风险限额 / 风控比例/金额"",""实际比例/金额"",""限额状态(●/●)"",""备注""]",10,7,6,rows_after_two_level_header_with_business_or_product_type,0a322870f118053c,779eb07983c7ce21,UNCHANGED,
